"Id","Year","Month","Week","User","Days"
"#445","2024","02","06","NickBarnes","3.5"
"#445","2024","02","07","NickBarnes","4.0"
"#445","2024","02","08","NickBarnes","2.5"
"#445","2024","02","09","NickBarnes","2.0"
"(new: Migrate OCaml Language Manual From v2.ocaml.org)","2024","03","10","shakthimaan","1.5"
"(new: Migrate OCaml Language Manual From v2.ocaml.org)","2024","03","12","shakthimaan","0.5"
"(new: Migrate OCaml Language Manual From v2.ocaml.org)","2024","03","13","shakthimaan","2.5"
"(new: Rework Community and Marketing-Related Pages of OCaml.org https://github.com/tarides/workitems/issues/1084)","2024","04","14","cuihtlauac","3.0"
"(new: Rework Community and Marketing-Related Pages of OCaml.org https://github.com/tarides/workitems/issues/1084)","2024","04","15","cuihtlauac","3.0"
"(new: Rework Community and Marketing-Related Pages of OCaml.org https://github.com/tarides/workitems/issues/1084)","2024","04","16","cuihtlauac","3.0"
"(new: Rework Community and Marketing-Related Pages of OCaml.org https://github.com/tarides/workitems/issues/1084)","2024","04","17","cuihtlauac","4.0"
"#1101","2024","01","04","trefis","0.5"
"#1101","2024","02","07","jonludlam","0.5"
"#1101","2024","02","08","panglesd","1.0"
"#1101","2024","02","08","trefis","0.0"
"#1131","2024","02","08","fabbing","3.0"
"#1101","2024","02","08","jonludlam","1.0"
"#1101","2024","02","09","panglesd","1.0"
"#1101","2024","02","09","trefis","1.5"
"#1131","2024","02","09","fabbing","3.5"
"#1101","2024","02","09","jonludlam","1.0"
"#1131","2024","03","10","fabbing","3.0"
"#1101","2024","03","10","jonludlam","3.0"
"#1101","2024","03","11","trefis","0.5"
"#1131","2024","03","11","fabbing","3.0"
"#1101","2024","03","11","jonludlam","1.5"
"#1101","2024","03","12","trefis","0.0"
"#1131","2024","03","12","fabbing","1.5"
"#1101","2024","03","12","jonludlam","1.5"
"#1101","2024","03","13","panglesd","1.0"
"#1101","2024","03","13","trefis","0.5"
"#1131","2024","03","13","fabbing","2.0"
"#1101","2024","03","13","jonludlam","1.0"
"#1131","2024","04","14","fabbing","2.0"
"#1131","2024","04","16","fabbing","1.5"
"#1131","2024","04","17","fabbing","2.5"
"#1131","2024","04","18","fabbing","0.5"
"Com21","2024","01","01","Sudha247","0.5"
"Com21","2024","01","02","OlivierNicole","0.5"
"Com21","2024","01","03","OlivierNicole","1.0"
"Com21","2024","03","10","pitag-ha","1.0"
"Com21","2024","03","11","pitag-ha","0.5"
"Com21","2024","03","12","pitag-ha","0.5"
"Com21","2024","03","13","pitag-ha","0.5"
"#1135","2024","04","18","OlivierNicole","2.5"
"PhD2","2024","01","01","let-def","1.0"
"PhD2","2024","01","02","let-def","5.0"
"PhD2","2024","01","03","let-def","2.0"
"PhD2","2024","01","04","let-def","2.0"
"PhD2","2024","02","06","let-def","1.0"
"PhD2","2024","02","07","let-def","5.0"
"PhD2","2024","02","08","let-def","3.5"
"PhD2","2024","02","09","let-def","4.0"
"PhD2","2024","03","10","let-def","3.5"
"PhD2","2024","03","11","let-def","5.0"
"PhD2","2024","03","12","let-def","5.0"
"PhD2","2024","03","13","let-def","4.0"
"PhD2","2024","04","14","let-def","3.5"
"PhD2","2024","04","15","let-def","3.0"
"PhD2","2024","04","16","let-def","3.5"
"PhD2","2024","04","17","let-def","1.0"
"PhD2","2024","04","18","let-def","4.0"
"PhD2","2024","05","19","let-def","3.0"
"PhD2","2024","05","20","let-def","4.0"
"PhD2","2024","05","21","let-def","4.0"
"#58","2024","01","01","PizieDust","3.5"
"#58","2024","01","02","PizieDust","4.5"
"#58","2024","02","06","PizieDust","2.0"
"#58","2024","02","07","PizieDust","2.5"
"#58","2024","02","08","PizieDust","2.0"
"#58","2024","02","09","PizieDust","2.0"
"#58","2024","03","10","PizieDust","2.0"
"#58","2024","03","11","PizieDust","0.5"
"Mer9","2024","01","01","pitag-ha","0.5"
"Plat187","2024","01","01","shakthimaan","1.0"
"Plat187","2024","01","01","Clairevanden","1.5"
"Plat187","2024","01","01","sabine","3.5"
"Plat187","2024","01","02","shakthimaan","3.0"
"Plat187","2024","01","02","Clairevanden","2.0"
"Plat187","2024","01","02","sabine","2.0"
"Plat187","2024","01","02","cuihtlauac","0.5"
"Plat187","2024","01","03","shakthimaan","1.5"
"Plat187","2024","01","03","Clairevanden","0.5"
"Plat187","2024","01","03","sabine","3.0"
"Plat187","2024","01","03","cuihtlauac","1.0"
"Plat187","2024","01","04","shakthimaan","1.0"
"Plat187","2024","01","04","Clairevanden","1.0"
"Plat187","2024","01","04","sabine","2.5"
"Plat187","2024","01","04","cuihtlauac","0.5"
"Plat187","2024","01","04","emillon","0.5"
"Plat187","2024","01","05","shakthimaan","1.5"
"Plat187","2024","01","05","Clairevanden","0.5"
"Plat187","2024","01","05","sabine","3.0"
"Plat187","2024","01","05","cuihtlauac","1.0"
"Plat187","2024","02","06","shakthimaan","1.5"
"Plat187","2024","02","06","sabine","1.5"
"Plat187","2024","02","06","cuihtlauac","0.5"
"Plat187","2024","02","07","Clairevanden","1.0"
"Plat187","2024","02","07","sabine","1.5"
"Plat187","2024","02","07","cuihtlauac","1.0"
"Plat187","2024","02","08","shakthimaan","0.5"
"Plat187","2024","02","08","Clairevanden","1.0"
"Plat187","2024","02","08","sabine","1.0"
"Plat187","2024","02","08","cuihtlauac","0.5"
"Plat187","2024","02","09","Clairevanden","0.5"
"Plat187","2024","02","09","sabine","1.5"
"Plat187","2024","03","10","sabine","1.5"
"Plat187","2024","03","10","cuihtlauac","4.0"
"Plat187","2024","03","11","Clairevanden","1.0"
"Plat187","2024","03","11","sabine","0.5"
"Plat187","2024","03","12","sabine","0.5"
"Plat187","2024","03","12","cuihtlauac","3.0"
"Plat187","2024","03","13","sabine","1.5"
"Plat187","2024","04","14","sabine","0.5"
"Plat187","2024","04","14","cuihtlauac","2.0"
"Plat187","2024","04","15","sabine","0.5"
"Plat187","2024","04","15","cuihtlauac","2.0"
"Plat187","2024","04","16","sabine","1.5"
"Plat187","2024","04","16","cuihtlauac","2.0"
"Plat187","2024","04","17","cuihtlauac","1.0"
"Plat187","2024","04","18","sabine","0.5"
"Plat187","2024","05","19","sabine","1.5"
"Plat187","2024","05","20","sabine","1.0"
"(new: Papers, talks, interviews, attendance at workshops & conferences)","2024","01","02","pitag-ha","2.0"
"(new: Papers, talks, interviews, attendance at workshops & conferences)","2024","01","03","pitag-ha","1.0"
"(new: Papers, talks, interviews, attendance at workshops & conferences)","2024","01","05","pitag-ha","0.5"
"#1123","2024","03","10","gpetiot","0.5"
"#1123","2024","03","11","gpetiot","0.5"
"#1088","2024","01","01","polytypic","2.5"
"#1088","2024","01","02","polytypic","3.0"
"#1088","2024","01","03","polytypic","1.0"
"#1088","2024","01","04","polytypic","1.5"
"#1088","2024","01","05","polytypic","1.0"
"#1088","2024","02","06","polytypic","1.5"
"#1088","2024","02","07","polytypic","3.0"
"#1088","2024","02","08","polytypic","1.0"
"#1088","2024","02","09","polytypic","0.5"
"#1088","2024","03","10","polytypic","1.0"
"#1088","2024","03","11","polytypic","0.5"
"#1068","2024","01","01","rgrinberg","2.0"
"#1068","2024","01","02","rgrinberg","2.0"
"#1068","2024","01","02","gridbugs","4.0"
"#1068","2024","01","02","emillon","1.0"
"#1068","2024","01","03","gridbugs","5.0"
"#1068","2024","01","03","emillon","0.5"
"#1068","2024","01","04","gridbugs","3.0"
"#1068","2024","01","05","gridbugs","3.0"
"#1068","2024","01","05","emillon","0.5"
"#1068","2024","02","06","gridbugs","4.0"
"#1068","2024","02","06","emillon","0.5"
"#1068","2024","02","07","gridbugs","5.0"
"#1068","2024","02","08","gridbugs","5.0"
"#1068","2024","02","09","gridbugs","2.0"
"#1068","2024","03","10","gridbugs","4.0"
"#1068","2024","03","11","gridbugs","4.0"
"#1068","2024","03","12","gridbugs","3.0"
"#1068","2024","03","13","gridbugs","4.0"
"#1068","2024","04","14","gridbugs","2.0"
"#1068","2024","04","15","gridbugs","4.0"
"#1068","2024","04","16","gridbugs","4.0"
"#1068","2024","04","17","gridbugs","1.5"
"#1068","2024","04","18","gridbugs","3.5"
"#1068","2024","05","19","gridbugs","1.0"
"#1068","2024","05","20","gridbugs","3.0"
"Hack","2024","02","09","gpetiot","2.0"
"Hack","2024","02","09","benmandrew","2.0"
"Hack","2024","03","12","gpetiot","2.0"
"Hack","2024","04","16","benmandrew","2.0"
"Hack","2024","04","17","punchagan","2.0"
"Hack","2024","04","17","gpetiot","2.0"
"Hack","2024","04","17","OlivierNicole","2.0"
"Hack","2024","04","17","Leonidas-from-XIV","2.0"
"#1062","2024","01","01","n-osborne","1.0"
"#1062","2024","01","02","n-osborne","2.0"
"#1062","2024","01","03","n-osborne","4.0"
"#1062","2024","01","04","n-osborne","2.0"
"#1062","2024","01","05","n-osborne","0.5"
"(new: Migrating Dream to Eio)","2024","02","06","aantron","2.0"
"#1062","2024","02","06","n-osborne","0.0"
"(new: Migrating Dream to Eio)","2024","02","07","aantron","5.0"
"#1062","2024","02","07","n-osborne","0.5"
"(new: Migrating Dream to Eio)","2024","02","08","aantron","4.0"
"#1062","2024","02","08","n-osborne","0.5"
"(new: Migrating Dream to Eio)","2024","02","09","aantron","0.0"
"(new: Migrating Dream to Eio)","2024","03","10","aantron","3.0"
"(new: Migrating Dream to Eio)","2024","03","11","aantron","5.0"
"(new: Migrating Dream to Eio)","2024","03","12","aantron","0.0"
"(new: Migrating Dream to Eio)","2024","03","13","aantron","0.0"
"#1062","2024","03","13","n-osborne","3.0"
"#1062","2024","04","14","n-osborne","2.0"
"#1062","2024","04","15","n-osborne","3.0"
"#48","2024","01","02","dra27","1.0"
"#48","2024","01","03","dra27","0.5"
"#48","2024","01","04","dra27","0.5"
"#48","2024","01","05","dra27","2.0"
"#48","2024","02","06","dra27","1.5"
"#48","2024","02","07","dra27","1.0"
"#48","2024","02","09","dra27","0.5"
"#48","2024","03","10","dra27","1.0"
"#48","2024","03","11","dra27","1.0"
"#48","2024","03","12","dra27","1.0"
"#48","2024","03","13","dra27","1.5"
"#48","2024","04","14","dra27","0.5"
"#48","2024","04","15","dra27","1.0"
"#48","2024","04","16","dra27","1.0"
"#48","2024","04","17","dra27","2.5"
"#48","2024","04","18","dra27","3.5"
"#48","2024","05","19","dra27","0.5"
"#48","2024","05","20","dra27","3.5"
"#1097","2024","03","10","trefis","0.5"
"#1097","2024","03","13","trefis","0.0"
"#1097","2024","04","14","pitag-ha","0.5"
"#1097","2024","04","15","xvw","4.5"
"#1097","2024","04","16","pitag-ha","0.5"
"#1097","2024","04","17","xvw","2.5"
"#1097","2024","04","18","pitag-ha","1.0"
"#1097","2024","04","18","xvw","2.5"
"#1097","2024","05","19","xvw","2.5"
"Plat244","2024","01","02","EmileTrotignon","4.0"
"Plat244","2024","01","02","art-w","4.0"
"Plat244","2024","01","03","trefis","0.5"
"Plat244","2024","01","03","EmileTrotignon","4.5"
"Plat244","2024","01","03","art-w","3.0"
"Plat244","2024","01","04","EmileTrotignon","3.0"
"Plat244","2024","01","04","art-w","3.5"
"Plat244","2024","01","05","EmileTrotignon","5.0"
"Plat244","2024","01","05","art-w","3.5"
"Plat244","2024","02","06","EmileTrotignon","5.0"
"Plat244","2024","02","06","art-w","3.5"
"Plat244","2024","02","07","EmileTrotignon","1.0"
"Plat244","2024","02","07","jonludlam","0.5"
"Plat244","2024","02","07","art-w","0.5"
"Plat244","2024","02","08","EmileTrotignon","0.5"
"Plat244","2024","02","09","EmileTrotignon","0.5"
"Plat244","2024","03","10","EmileTrotignon","1.0"
"Plat244","2024","03","12","EmileTrotignon","1.0"
"Plat176","2024","02","08","xvw","1.0"
"#966","2024","01","01","lyrm","0.5"
"#966","2024","01","03","lyrm","1.0"
"#966","2024","01","04","lyrm","0.5"
"#966","2024","01","05","lyrm","0.5"
"#966","2024","02","06","PizieDust","1.0"
"#966","2024","02","07","PizieDust","1.0"
"#966","2024","02","07","Clairevanden","1.0"
"#966","2024","02","08","PizieDust","0.5"
"#966","2024","02","08","lyrm","0.5"
"#966","2024","02","09","PizieDust","0.5"
"#966","2024","02","09","lyrm","0.0"
"#966","2024","03","10","PizieDust","0.5"
"#966","2024","03","11","PizieDust","0.5"
"#1132","2024","03","12","tmcgilchrist","0.5"
"#1132","2024","03","13","tmcgilchrist","0.5"
"#966","2024","03","13","PizieDust","1.0"
"#966","2024","03","13","lyrm","0.0"
"#1132","2024","04","14","tmcgilchrist","0.5"
"#966","2024","04","14","PizieDust","0.5"
"#966","2024","04","14","NickBarnes","0.5"
"#1132","2024","04","15","tmcgilchrist","0.5"
"#966","2024","04","15","PizieDust","0.5"
"#966","2024","04","15","shindere","0.5"
"#1132","2024","04","16","tmcgilchrist","0.5"
"#966","2024","04","16","PizieDust","0.5"
"#1132","2024","04","17","tmcgilchrist","1.5"
"#966","2024","04","17","fabbing","0.0"
"#1132","2024","04","18","tmcgilchrist","0.0"
"#966","2024","04","18","PizieDust","0.5"
"#966","2024","04","18","fabbing","0.5"
"#966","2024","04","18","shindere","0.5"
"#966","2024","05","19","PizieDust","1.0"
"#966","2024","05","19","shindere","1.0"
"#966","2024","05","20","OlivierNicole","0.5"
"#966","2024","05","20","shindere","0.0"
"Plat238","2024","01","01","Julow","1.0"
"Plat238","2024","01","03","Julow","3.0"
"Mer7","2024","01","01","voodoos","2.0"
"Mer7","2024","01","02","voodoos","3.5"
"Mer7","2024","01","03","voodoos","2.5"
"Mer7","2024","01","05","voodoos","0.5"
"Mer7","2024","02","08","voodoos","1.0"
"Mer7","2024","02","09","voodoos","4.5"
"Mer7","2024","03","10","voodoos","1.5"
"Mer7","2024","03","13","xvw","1.5"
"Mer7","2024","04","14","voodoos","1.0"
"Mer7","2024","04","15","voodoos","3.0"
"Mer7","2024","04","16","voodoos","2.0"
"Mer7","2024","04","17","voodoos","3.0"
"Mer7","2024","04","17","emillon","1.0"
"Mer7","2024","04","18","voodoos","0.5"
"#949","2024","01","02","dra27","0.5"
"#949","2024","01","03","dra27","0.5"
"#949","2024","01","05","dra27","0.0"
"#1074","2024","05","19","n-osborne","3.0"
"Dune29","2024","01","03","Leonidas-from-XIV","0.5"
"#1169","2024","05","19","emillon","1.0"
"#1169","2024","05","20","emillon","2.0"
"#1169","2024","05","21","emillon","1.5"
"Comp73","2024","01","03","emillon","0.0"
"#1105","2024","01","05","benmandrew","3.0"
"#1105","2024","02","06","benmandrew","1.0"
"#1105","2024","02","07","benmandrew","3.0"
"#1105","2024","02","08","benmandrew","3.0"
"#1105","2024","02","09","benmandrew","3.0"
"#1105","2024","03","10","benmandrew","5.0"
"#1105","2024","03","11","benmandrew","5.0"
"#1105","2024","03","12","benmandrew","4.5"
"#1105","2024","03","13","benmandrew","4.5"
"#1105","2024","04","14","benmandrew","4.5"
"#1105","2024","04","15","benmandrew","4.0"
"#1105","2024","04","16","benmandrew","3.0"
"#1105","2024","04","17","benmandrew","2.5"
"#672","2024","04","14","NickBarnes","1.0"
"Comp126","2024","01","02","shym","0.0"
"Comp126","2024","01","03","shym","0.5"
"#412","2024","01","03","dra27","0.5"
"#412","2024","01","04","dra27","0.0"
"#412","2024","01","04","shindere","0.5"
"Comp126","2024","01","05","shym","0.0"
"Comp126","2024","02","06","shym","0.0"
"Comp126","2024","02","07","shym","0.0"
"Comp126","2024","02","08","shym","0.0"
"Comp126","2024","02","09","shym","0.0"
"Comp126","2024","03","11","shym","1.5"
"#412","2024","03","12","shindere","0.5"
"Comp126","2024","03","13","shym","0.0"
"Comp126","2024","04","14","shym","0.0"
"Comp126","2024","04","15","shym","0.5"
"#412","2024","04","16","shindere","0.5"
"Comp126","2024","05","19","shym","0.0"
"#412","2024","05","20","shindere","0.0"
"Comp126","2024","05","21","shym","0.5"
"#412","2024","05","22","shindere","0.0"
"#460","2024","02","09","Lucccyo","2.0"
"#460","2024","02","09","clecat","1.5"
"#460","2024","02","09","NickBarnes","2.0"
"#460","2024","03","12","sabine","2.0"
"#460","2024","04","18","art-w","0.5"
"Com19","2024","01","01","shakthimaan","0.5"
"Com19","2024","01","01","Clairevanden","0.5"
"Com19","2024","01","02","NickBarnes","0.5"
"Com19","2024","01","02","emillon","0.5"
"Com19","2024","01","03","jmid","0.5"
"Com19","2024","01","03","shakthimaan","0.5"
"Com19","2024","01","03","Clairevanden","0.5"
"Com19","2024","01","04","Clairevanden","1.5"
"Com19","2024","02","07","emillon","0.5"
"Com19","2024","02","08","jmid","1.0"
"Com19","2024","02","09","jmid","0.5"
"Com19","2024","03","10","jmid","0.0"
"Com19","2024","03","10","xvw","1.0"
"Com19","2024","03","11","jmid","0.5"
"Com19","2024","03","12","jmid","0.0"
"Com19","2024","03","13","jmid","0.0"
"Com19","2024","04","15","jmid","0.5"
"Com19","2024","04","17","jmid","0.5"
"Com19","2024","04","17","xvw","0.5"
"Com19","2024","04","18","xvw","1.5"
"#1063","2024","01","02","shym","2.0"
"#1063","2024","01","02","dra27","0.0"
"#1063","2024","01","02","MisterDA","5.0"
"#1063","2024","01","03","shym","2.0"
"#1063","2024","01","03","dra27","0.5"
"#1063","2024","01","03","MisterDA","4.0"
"#1063","2024","01","04","shym","1.0"
"#1063","2024","01","04","MisterDA","5.0"
"#1063","2024","01","05","shym","3.0"
"#1063","2024","01","05","dra27","0.5"
"#1063","2024","01","05","MisterDA","3.0"
"#1063","2024","02","06","shym","0.5"
"#1063","2024","02","07","shym","0.5"
"#1063","2024","02","09","dra27","0.0"
"#1063","2024","03","10","dra27","0.5"
"#1063","2024","03","11","shym","2.0"
"Onboard","2024","02","08","xvw","1.5"
"Onboard","2024","04","16","shonfeder","1.5"
"Onboard","2024","04","17","shonfeder","0.5"
"#1117","2024","01","03","Firobe","0.5"
"#1117","2024","01","04","Firobe","2.0"
"#1117","2024","01","05","Firobe","2.5"
"#1117","2024","02","06","Firobe","0.5"
"#1117","2024","02","07","Firobe","1.0"
"#1117","2024","02","08","Firobe","0.5"
"#1117","2024","04","15","Firobe","1.0"
"#1117","2024","04","18","Firobe","0.0"
"#362","2024","01","01","polytypic","0.5"
"#362","2024","01","02","polytypic","0.5"
"#362","2024","01","03","polytypic","3.0"
"#362","2024","01","04","polytypic","3.0"
"Comp85","2024","01","05","punchagan","2.5"
"Comp85","2024","01","05","shakthimaan","1.0"
"#362","2024","01","05","polytypic","2.5"
"#362","2024","02","06","lyrm","4.0"
"#362","2024","02","07","lyrm","3.0"
"#362","2024","02","07","polytypic","1.0"
"#362","2024","02","08","polytypic","2.0"
"#362","2024","02","09","polytypic","1.0"
"#1102","2024","01","02","tmcgilchrist","1.0"
"#1102","2024","01","03","tmcgilchrist","2.5"
"#1102","2024","01","04","tmcgilchrist","2.0"
"#1102","2024","01","05","tmcgilchrist","1.5"
"#1102","2024","02","07","tmcgilchrist","2.0"
"#1102","2024","02","08","tmcgilchrist","1.0"
"#1102","2024","02","09","tmcgilchrist","1.5"
"#1102","2024","02","09","NickBarnes","0.5"
"#1102","2024","03","10","tmcgilchrist","2.5"
"#1102","2024","03","11","tmcgilchrist","0.5"
"#1102","2024","03","12","tmcgilchrist","2.5"
"#1102","2024","03","13","tmcgilchrist","2.5"
"#1102","2024","03","13","NickBarnes","2.0"
"#1102","2024","04","14","tmcgilchrist","2.5"
"#1102","2024","04","15","tmcgilchrist","2.0"
"#1102","2024","04","16","tmcgilchrist","1.5"
"#1102","2024","04","18","tmcgilchrist","3.5"
"#1102","2024","05","19","tmcgilchrist","2.5"
"#1102","2024","05","20","tmcgilchrist","1.0"
"#1102","2024","05","21","tmcgilchrist","4.0"
"#74","2024","04","16","panglesd","2.0"
"#74","2024","05","20","EmileTrotignon","3.0"
"#574","2024","04","16","shonfeder","1.5"
"#574","2024","04","17","shonfeder","1.0"
"#574","2024","04","18","shonfeder","0.5"
"#574","2024","05","19","shonfeder","0.5"
"#574","2024","05","20","shonfeder","2.0"
"#574","2024","05","21","shonfeder","1.0"
"#965","2024","01","01","PizieDust","1.5"
"#965","2024","01","02","PizieDust","0.5"
"#965","2024","01","03","PizieDust","1.5"
"#965","2024","01","04","PizieDust","3.0"
"#965","2024","01","05","PizieDust","0.5"
"#965","2024","02","06","PizieDust","1.5"
"#965","2024","02","07","PizieDust","1.5"
"#965","2024","02","08","PizieDust","2.5"
"#965","2024","02","09","PizieDust","2.5"
"#965","2024","03","10","PizieDust","2.0"
"#965","2024","03","11","PizieDust","1.0"
"#965","2024","03","12","PizieDust","0.5"
"#965","2024","04","14","PizieDust","0.5"
"#578","2024","05","21","shonfeder","2.0"
"#1089","2024","02","06","talex5","1.0"
"#1089","2024","02","08","talex5","2.0"
"#1089","2024","02","09","talex5","1.0"
"#1089","2024","04","16","talex5","0.5"
"#1089","2024","05","19","talex5","0.5"
"#1089","2024","05","20","talex5","0.5"
"#1089","2024","05","21","talex5","0.0"
"#1092","2024","01","02","shym","1.5"
"#1092","2024","01","02","fabbing","2.0"
"#1092","2024","01","03","shym","1.5"
"#1092","2024","01","03","fabbing","3.0"
"#1092","2024","01","04","shym","1.5"
"#1092","2024","01","04","fabbing","2.0"
"#1092","2024","01","05","shym","1.5"
"#1092","2024","01","05","fabbing","1.5"
"#1092","2024","02","06","shym","4.0"
"#1092","2024","02","06","fabbing","1.5"
"#1092","2024","02","07","shym","3.0"
"#1092","2024","02","07","fabbing","3.0"
"#1092","2024","02","08","shym","4.0"
"#1092","2024","02","09","shym","3.0"
"#1092","2024","03","11","shym","1.0"
"#1092","2024","03","12","shym","2.5"
"#1092","2024","03","13","shym","4.0"
"#1092","2024","04","14","shym","3.0"
"#1092","2024","04","15","shym","4.0"
"#1092","2024","04","16","shym","3.0"
"#1092","2024","04","17","shym","2.0"
"#1092","2024","04","18","shym","3.5"
"#1092","2024","05","19","shym","1.5"
"#1092","2024","05","21","shym","3.0"
"#1059","2024","01","02","OlivierNicole","2.0"
"#1059","2024","01","03","OlivierNicole","0.5"
"#1059","2024","01","04","OlivierNicole","0.5"
"#1059","2024","01","05","fabbing","1.5"
"#1059","2024","01","05","OlivierNicole","0.5"
"#1059","2024","02","06","fabbing","2.5"
"#1059","2024","02","06","OlivierNicole","1.0"
"#1059","2024","02","07","fabbing","1.0"
"#1059","2024","02","08","fabbing","0.5"
"Management","2024","01","01","Sudha247","1.5"
"Management","2024","01","01","sabine","0.5"
"Management","2024","01","02","Sudha247","2.5"
"Management","2024","01","02","sabine","1.5"
"Management","2024","01","03","Sudha247","1.0"
"Management","2024","01","03","sabine","2.0"
"Management","2024","01","04","Sudha247","3.0"
"Management","2024","01","04","sabine","1.5"
"Management","2024","01","05","Sudha247","0.5"
"Management","2024","01","05","pitag-ha","0.5"
"Management","2024","01","05","sabine","1.5"
"Management","2024","02","06","pitag-ha","0.5"
"Management","2024","02","06","sabine","3.0"
"Management","2024","02","07","pitag-ha","0.5"
"Management","2024","02","07","sabine","2.0"
"Management","2024","02","08","pitag-ha","2.0"
"Management","2024","02","08","sabine","2.0"
"Management","2024","02","09","pitag-ha","1.0"
"Management","2024","02","09","sabine","1.5"
"Management","2024","03","10","pitag-ha","0.5"
"Management","2024","03","10","sabine","1.5"
"Management","2024","03","11","pitag-ha","0.5"
"Management","2024","03","11","sabine","0.5"
"Management","2024","03","12","Sudha247","2.0"
"Management","2024","03","12","pitag-ha","0.5"
"Management","2024","03","12","sabine","0.5"
"Management","2024","03","12","art-w","1.0"
"Management","2024","03","13","pitag-ha","0.5"
"Management","2024","04","14","Sudha247","2.5"
"Management","2024","04","14","pitag-ha","2.0"
"Management","2024","04","14","sabine","3.0"
"Management","2024","04","14","art-w","0.0"
"Management","2024","04","15","Sudha247","1.0"
"Management","2024","04","15","pitag-ha","2.0"
"Management","2024","04","15","sabine","2.5"
"Management","2024","04","15","shindere","4.5"
"Management","2024","04","15","art-w","3.0"
"Management","2024","04","16","pitag-ha","1.5"
"Management","2024","04","16","shonfeder","1.5"
"Management","2024","04","16","sabine","2.5"
"Management","2024","04","16","shindere","2.0"
"Management","2024","04","17","shonfeder","1.0"
"Management","2024","04","17","shindere","4.5"
"Management","2024","04","18","pitag-ha","1.5"
"Management","2024","04","18","shonfeder","0.5"
"Management","2024","04","18","sabine","2.0"
"Management","2024","04","18","shindere","2.0"
"Management","2024","05","19","shonfeder","1.0"
"Management","2024","05","19","sabine","2.0"
"Management","2024","05","19","shindere","0.5"
"Management","2024","05","20","shonfeder","0.5"
"Management","2024","05","20","sabine","4.0"
"Management","2024","05","20","shindere","2.0"
"Management","2024","05","21","shonfeder","0.5"
"Management","2024","05","21","shindere","1.5"
"Management","2024","05","22","shindere","1.0"
"#67","2024","04","15","panglesd","3.0"
"#67","2024","04","16","panglesd","2.0"
"#67","2024","04","18","panglesd","1.5"
"#1121","2024","04","14","dra27","1.0"
"#1121","2024","04","16","tmcgilchrist","0.0"
"#1121","2024","05","20","tmcgilchrist","1.0"
"#1090","2024","01","01","jmid","1.0"
"#1090","2024","01","02","jmid","1.0"
"#1090","2024","01","02","shym","0.5"
"#1090","2024","01","03","jmid","1.5"
"#1090","2024","01","04","jmid","1.0"
"#1090","2024","01","04","shym","0.0"
"#1090","2024","01","05","jmid","0.5"
"#1090","2024","01","05","shym","0.0"
"#1090","2024","02","06","jmid","0.5"
"#1090","2024","02","06","shym","0.0"
"#1090","2024","02","07","shym","0.0"
"#1090","2024","02","08","jmid","0.5"
"#1090","2024","02","09","jmid","0.5"
"#1090","2024","03","10","jmid","2.0"
"#1090","2024","03","11","jmid","2.0"
"#1090","2024","03","12","jmid","1.5"
"#1090","2024","03","12","shym","0.0"
"#1090","2024","03","13","jmid","1.0"
"#1090","2024","03","13","shym","0.0"
"#1090","2024","04","14","jmid","0.0"
"#1090","2024","04","15","jmid","1.0"
"#1090","2024","04","16","jmid","3.0"
"#1090","2024","04","17","jmid","0.5"
"#1090","2024","04","18","jmid","0.5"
"#1090","2024","05","20","jmid","2.5"
"#1090","2024","05","21","jmid","2.0"
"#1111","2024","04","17","shakthimaan","2.0"
"#401","2024","01","01","polytypic","1.5"
"#401","2024","01","02","Sudha247","0.5"
"#401","2024","01","04","polytypic","0.5"
"#401","2024","01","05","polytypic","1.0"
"#401","2024","02","06","polytypic","0.5"
"#401","2024","02","08","Sudha247","0.5"
"#401","2024","02","08","polytypic","0.5"
"#401","2024","02","09","talex5","1.0"
"#401","2024","03","10","talex5","0.0"
"#401","2024","03","11","polytypic","0.5"
"#401","2024","03","13","talex5","1.0"
"#401","2024","04","14","talex5","0.5"
"#401","2024","04","14","polytypic","0.5"
"#401","2024","04","15","talex5","0.5"
"#401","2024","04","16","talex5","0.5"
"#401","2024","04","17","talex5","1.0"
"#401","2024","04","17","polytypic","0.5"
"#401","2024","04","18","talex5","1.0"
"#401","2024","04","18","polytypic","0.5"
"#401","2024","05","19","talex5","0.5"
"#401","2024","05","20","talex5","0.5"
"#401","2024","05","21","talex5","1.0"
"Com4","2024","03","12","Leonidas-from-XIV","0.5"
"Com4","2024","04","16","Leonidas-from-XIV","0.5"
"Com4","2024","04","18","Leonidas-from-XIV","1.0"
"#1084","2024","01","05","Clairevanden","1.5"
"#1084","2024","01","05","sabine","0.5"
"#1084","2024","02","07","Clairevanden","1.0"
"#1084","2024","02","07","sabine","1.0"
"#1084","2024","02","08","Clairevanden","2.0"
"#1084","2024","02","08","sabine","1.0"
"#1084","2024","02","09","Clairevanden","3.0"
"#1084","2024","02","09","sabine","1.5"
"#1084","2024","03","10","shakthimaan","2.5"
"#1084","2024","03","10","Clairevanden","4.0"
"#1084","2024","03","10","sabine","1.0"
"#1084","2024","03","11","Clairevanden","1.0"
"#1084","2024","03","11","sabine","0.0"
"#1084","2024","03","12","shakthimaan","1.5"
"#1084","2024","03","12","Clairevanden","3.5"
"#1084","2024","03","12","sabine","0.5"
"#1084","2024","03","13","shakthimaan","0.5"
"#1084","2024","03","13","Clairevanden","4.0"
"#1084","2024","03","13","sabine","2.5"
"#1084","2024","04","14","shakthimaan","2.5"
"#1084","2024","04","14","Clairevanden","4.0"
"#1084","2024","04","14","sabine","0.5"
"#1084","2024","04","15","Clairevanden","4.0"
"#1084","2024","04","15","sabine","2.0"
"#1084","2024","04","16","Clairevanden","2.0"
"#1084","2024","04","16","sabine","0.5"
"#1084","2024","04","17","Clairevanden","1.0"
"#1084","2024","04","18","sabine","1.0"
"#1084","2024","05","19","Clairevanden","2.5"
"#1084","2024","05","19","sabine","1.5"
"#1084","2024","05","20","Clairevanden","3.0"
"#1084","2024","05","21","Clairevanden","4.0"
"#953","2024","01","02","tmcgilchrist","1.0"
"#953","2024","01","02","fabbing","1.5"
"#953","2024","01","02","dra27","0.5"
"#953","2024","01","02","shindere","0.5"
"#953","2024","01","03","tmcgilchrist","1.0"
"#953","2024","01","03","fabbing","0.5"
"#953","2024","01","03","dra27","2.0"
"#953","2024","01","03","shindere","1.0"
"#953","2024","01","04","tmcgilchrist","0.5"
"#953","2024","01","04","fabbing","1.0"
"#953","2024","01","04","dra27","0.5"
"#953","2024","01","04","shindere","1.0"
"#953","2024","01","05","tmcgilchrist","1.0"
"#953","2024","01","05","fabbing","1.0"
"#953","2024","01","05","dra27","0.0"
"#953","2024","01","05","shindere","0.5"
"#953","2024","02","06","tmcgilchrist","2.0"
"#953","2024","02","06","fabbing","0.5"
"#953","2024","02","06","dra27","0.0"
"#953","2024","02","06","shindere","0.5"
"#953","2024","02","07","tmcgilchrist","0.5"
"#953","2024","02","07","NickBarnes","1.0"
"#953","2024","02","07","dra27","0.0"
"#953","2024","02","08","tmcgilchrist","1.0"
"#953","2024","02","08","fabbing","0.5"
"#953","2024","02","08","NickBarnes","1.0"
"#953","2024","02","08","dra27","0.5"
"#953","2024","02","09","tmcgilchrist","1.0"
"#953","2024","02","09","dra27","1.5"
"#953","2024","02","09","shindere","0.5"
"#953","2024","03","10","tmcgilchrist","1.5"
"#953","2024","03","10","fabbing","0.5"
"#953","2024","03","10","dra27","0.5"
"#953","2024","03","10","shindere","1.0"
"#953","2024","03","11","tmcgilchrist","2.0"
"#953","2024","03","11","dra27","0.0"
"#953","2024","03","11","shindere","2.5"
"#953","2024","03","12","tmcgilchrist","1.0"
"#953","2024","03","12","fabbing","0.5"
"#953","2024","03","12","shindere","2.0"
"#953","2024","03","13","tmcgilchrist","0.5"
"#953","2024","03","13","fabbing","1.5"
"#953","2024","03","13","dra27","0.5"
"#953","2024","03","13","shindere","1.5"
"#953","2024","04","14","tmcgilchrist","1.0"
"#953","2024","04","14","fabbing","0.0"
"#953","2024","04","14","shindere","1.5"
"#953","2024","04","15","tmcgilchrist","1.5"
"#953","2024","04","15","dra27","0.0"
"#953","2024","04","15","MisterDA","3.5"
"#953","2024","04","16","tmcgilchrist","1.5"
"#953","2024","04","16","fabbing","2.0"
"#953","2024","04","16","dra27","1.0"
"#953","2024","04","16","MisterDA","2.0"
"#953","2024","04","16","shindere","0.5"
"#953","2024","04","17","tmcgilchrist","1.0"
"#953","2024","04","17","fabbing","0.5"
"#953","2024","04","17","dra27","0.5"
"#953","2024","04","17","MisterDA","3.0"
"#953","2024","04","17","shindere","0.5"
"#953","2024","04","18","tmcgilchrist","1.0"
"#953","2024","04","18","fabbing","0.5"
"#953","2024","04","18","dra27","0.5"
"#953","2024","04","18","MisterDA","1.0"
"#953","2024","05","19","tmcgilchrist","1.0"
"#953","2024","05","20","tmcgilchrist","3.0"
"#953","2024","05","20","dra27","0.5"
"#953","2024","05","20","shindere","2.0"
"#953","2024","05","21","shindere","1.5"
"#953","2024","05","22","shindere","3.0"
"#1113","2024","01","03","OlivierNicole","0.5"
"#1113","2024","01","04","OlivierNicole","0.5"
"#1113","2024","01","05","jmid","0.0"
"#1113","2024","01","05","OlivierNicole","1.5"
"#1113","2024","02","06","OlivierNicole","2.0"
"#1113","2024","02","07","vouillon","5.0"
"#1113","2024","02","07","OlivierNicole","3.0"
"#1113","2024","02","08","jmid","0.0"
"#1113","2024","02","08","vouillon","5.0"
"#1113","2024","02","08","OlivierNicole","5.0"
"#1113","2024","02","09","vouillon","5.0"
"#1113","2024","02","09","OlivierNicole","5.0"
"#1113","2024","03","10","vouillon","5.0"
"#1113","2024","03","10","OlivierNicole","5.0"
"#1113","2024","03","11","vouillon","5.0"
"#1113","2024","03","11","OlivierNicole","0.5"
"#1113","2024","03","12","vouillon","5.0"
"#1113","2024","03","12","OlivierNicole","0.0"
"#1113","2024","03","13","vouillon","5.0"
"#1113","2024","03","13","OlivierNicole","0.0"
"#1113","2024","04","14","vouillon","5.0"
"#1113","2024","04","15","vouillon","5.0"
"#1113","2024","04","16","jmid","0.0"
"#1113","2024","04","16","vouillon","5.0"
"#1113","2024","04","17","jmid","0.5"
"#1113","2024","04","17","vouillon","5.0"
"#1113","2024","04","18","vouillon","4.0"
"#1113","2024","04","18","OlivierNicole","0.0"
"#1113","2024","05","19","jmid","0.5"
"Comp108","2024","01","01","NickBarnes","1.0"
"Comp108","2024","01","02","NickBarnes","2.0"
"Comp108","2024","01","03","NickBarnes","2.0"
"Comp108","2024","01","04","NickBarnes","2.0"
"Comp108","2024","01","05","NickBarnes","3.0"
"Comp108","2024","03","10","NickBarnes","3.0"
"Comp108","2024","03","11","NickBarnes","4.5"
"Comp108","2024","03","12","NickBarnes","2.0"
"MC98","2024","01","01","sadiqj","0.0"
"MC98","2024","01","01","talex5","4.0"
"MC98","2024","01","01","vouillon","4.0"
"MC98","2024","01","01","Sudha247","1.0"
"MC98","2024","01","02","sadiqj","0.0"
"MC98","2024","01","02","talex5","4.0"
"MC98","2024","01","02","vouillon","4.5"
"MC98","2024","01","03","talex5","4.0"
"MC98","2024","01","03","vouillon","3.0"
"MC98","2024","01","04","talex5","4.0"
"MC98","2024","01","04","vouillon","5.0"
"MC98","2024","01","05","talex5","4.0"
"MC98","2024","01","05","vouillon","4.0"
"MC98","2024","02","06","vouillon","5.0"
"Comp65","2024","01","01","tmcgilchrist","0.5"
"Comp65","2024","01","01","jmid","0.5"
"Comp65","2024","01","01","NickBarnes","1.5"
"Comp65","2024","01","02","jmid","0.0"
"Comp65","2024","01","02","NickBarnes","1.0"
"Comp65","2024","01","02","OlivierNicole","0.5"
"Comp65","2024","01","03","sadiqj","1.0"
"Comp65","2024","01","03","dustanddreams","0.5"
"Comp65","2024","01","03","NickBarnes","1.0"
"Comp65","2024","01","03","OlivierNicole","1.5"
"Comp65","2024","01","03","MisterDA","1.0"
"Comp65","2024","01","04","sadiqj","0.0"
"Comp65","2024","01","04","NickBarnes","1.5"
"Comp65","2024","01","04","OlivierNicole","1.5"
"Comp65","2024","01","05","jmid","1.5"
"Comp65","2024","01","05","NickBarnes","0.5"
"Comp65","2024","01","05","OlivierNicole","2.5"
"Comp65","2024","01","05","MisterDA","2.0"
"Comp65","2024","02","06","sadiqj","0.0"
"Comp65","2024","02","06","jmid","0.5"
"Comp65","2024","02","06","OlivierNicole","1.0"
"Comp65","2024","02","08","OlivierNicole","0.0"
"Comp65","2024","03","10","NickBarnes","1.0"
"Comp65","2024","03","11","dustanddreams","1.5"
"Comp65","2024","03","11","OlivierNicole","2.0"
"Comp65","2024","03","12","jmid","0.0"
"Comp65","2024","03","12","NickBarnes","2.0"
"Comp65","2024","03","12","OlivierNicole","0.5"
"Comp65","2024","03","13","dustanddreams","2.5"
"Comp65","2024","03","13","NickBarnes","1.5"
"Comp65","2024","03","13","OlivierNicole","2.0"
"Comp65","2024","04","14","dustanddreams","2.0"
"Comp65","2024","04","14","OlivierNicole","1.0"
"Comp65","2024","04","14","MisterDA","2.0"
"Comp65","2024","04","15","jmid","0.5"
"Comp65","2024","04","15","dustanddreams","4.0"
"Comp65","2024","04","15","eutro","3.0"
"Comp65","2024","04","15","OlivierNicole","0.5"
"Comp65","2024","04","16","shym","1.5"
"Comp65","2024","04","16","voodoos","0.5"
"Comp65","2024","04","16","eutro","3.0"
"Comp65","2024","04","16","OlivierNicole","2.5"
"Comp65","2024","04","17","jmid","0.0"
"Comp65","2024","04","17","shym","0.5"
"Comp65","2024","04","17","dustanddreams","2.0"
"Comp65","2024","04","17","voodoos","0.5"
"Comp65","2024","04","17","OlivierNicole","0.0"
"Comp65","2024","04","18","voodoos","0.0"
"Comp65","2024","04","18","OlivierNicole","1.0"
"Comp65","2024","05","19","jmid","0.5"
"Comp65","2024","05","20","jmid","0.5"
"Comp65","2024","05","20","OlivierNicole","0.5"
"Comp65","2024","05","21","jmid","0.0"
"Comp65","2024","05","21","shym","0.0"
"Comp65","2024","05","21","dustanddreams","2.0"
"#1120","2024","03","10","Firobe","1.0"
"#1120","2024","03","10","rizo","3.0"
"#1120","2024","03","11","rizo","3.0"
"#1120","2024","03","12","Firobe","1.0"
"#1120","2024","03","12","rizo","3.0"
"#1120","2024","03","13","Firobe","0.0"
"#1120","2024","03","13","rizo","3.0"
"#1120","2024","04","14","Firobe","0.5"
"#1120","2024","04","14","rizo","3.0"
"#1120","2024","04","15","Firobe","1.5"
"#1120","2024","04","15","rizo","3.0"
"#1120","2024","04","16","Firobe","2.0"
"#1120","2024","04","16","rizo","3.0"
"#1120","2024","04","17","Firobe","0.5"
"#1120","2024","04","17","rizo","3.0"
"#1120","2024","04","18","Firobe","0.5"
"#1120","2024","04","18","rizo","3.0"
"#1120","2024","05","19","Firobe","2.0"
"#1120","2024","05","20","Firobe","1.0"
"#1120","2024","05","21","Firobe","1.0"
"#356","2024","01","05","polytypic","0.5"
"#356","2024","02","06","talex5","3.0"
"#356","2024","02","06","Sudha247","0.0"
"#356","2024","02","07","talex5","4.0"
"#356","2024","02","07","Sudha247","0.5"
"#356","2024","02","08","talex5","2.0"
"#356","2024","02","08","polytypic","0.5"
"#356","2024","02","09","talex5","2.0"
"#356","2024","03","10","talex5","1.0"
"#1109","2024","03","10","shindere","2.0"
"#356","2024","03","11","talex5","1.0"
"#1109","2024","03","11","shindere","1.0"
"#356","2024","03","12","talex5","1.0"
"#1109","2024","03","12","shindere","2.0"
"#1109","2024","03","13","sabine","1.0"
"#1109","2024","03","13","shindere","1.5"
"#1109","2024","04","14","shindere","1.5"
"Plat140","2024","01","01","rgrinberg","1.0"
"Plat140","2024","01","01","emillon","3.0"
"Plat140","2024","01","02","moyodiallo","0.5"
"Plat140","2024","01","02","rgrinberg","1.0"
"Plat140","2024","01","02","gridbugs","1.0"
"Plat140","2024","01","02","emillon","1.5"
"Plat140","2024","01","03","emillon","3.5"
"Plat140","2024","01","03","Leonidas-from-XIV","1.0"
"Plat140","2024","01","04","emillon","2.5"
"Plat140","2024","01","04","Leonidas-from-XIV","1.0"
"Plat140","2024","01","05","moyodiallo","1.0"
"Plat140","2024","01","05","ElectreAAS","1.5"
"Plat140","2024","01","05","gridbugs","2.0"
"Plat140","2024","01","05","emillon","4.0"
"Plat140","2024","01","05","Leonidas-from-XIV","1.0"
"Plat140","2024","02","06","ElectreAAS","2.5"
"Plat140","2024","02","06","gridbugs","1.0"
"Plat140","2024","02","06","emillon","3.5"
"Plat140","2024","02","06","Leonidas-from-XIV","1.0"
"Plat140","2024","02","07","moyodiallo","0.5"
"Plat140","2024","02","07","ElectreAAS","2.5"
"Plat140","2024","02","07","emillon","2.0"
"Plat140","2024","02","07","Leonidas-from-XIV","1.0"
"Plat140","2024","02","08","moyodiallo","2.0"
"Plat140","2024","02","08","ElectreAAS","1.0"
"Plat140","2024","02","09","moyodiallo","0.5"
"Plat140","2024","02","09","ElectreAAS","2.5"
"Plat140","2024","02","09","emillon","2.5"
"Plat140","2024","03","10","moyodiallo","0.5"
"Plat140","2024","03","10","gridbugs","1.0"
"Plat140","2024","03","10","emillon","5.0"
"Plat140","2024","03","10","Leonidas-from-XIV","2.0"
"Plat140","2024","03","11","moyodiallo","1.5"
"Plat140","2024","03","11","gridbugs","1.0"
"Plat140","2024","03","11","emillon","4.5"
"Plat140","2024","03","11","Leonidas-from-XIV","3.5"
"Plat140","2024","03","12","emillon","3.5"
"Plat140","2024","03","12","Leonidas-from-XIV","1.5"
"Plat140","2024","03","13","gridbugs","1.0"
"Plat140","2024","03","13","emillon","1.5"
"Plat140","2024","03","13","Leonidas-from-XIV","4.5"
"Plat140","2024","04","14","gridbugs","2.0"
"Plat140","2024","04","14","emillon","2.5"
"Plat140","2024","04","14","Leonidas-from-XIV","5.0"
"Plat140","2024","04","15","gridbugs","1.0"
"Plat140","2024","04","15","emillon","1.5"
"Plat140","2024","04","15","Leonidas-from-XIV","5.0"
"Plat140","2024","04","16","gridbugs","1.0"
"Plat140","2024","04","16","emillon","1.5"
"Plat140","2024","04","16","Leonidas-from-XIV","3.5"
"Plat140","2024","04","17","emillon","2.0"
"Plat140","2024","04","17","Leonidas-from-XIV","2.5"
"Plat140","2024","04","18","emillon","3.0"
"Plat140","2024","04","18","Leonidas-from-XIV","0.5"
"Plat140","2024","05","21","emillon","1.5"
"#1137","2024","04","15","MisterDA","0.5"
"#1137","2024","04","16","MisterDA","1.0"
"#1137","2024","04","18","MisterDA","1.0"
"#1093","2024","01","02","punchagan","2.5"
"#1093","2024","01","03","punchagan","0.5"
"#1093","2024","01","05","mtelvers","2.0"
"#1093","2024","02","06","mtelvers","3.0"
"#1093","2024","02","07","mtelvers","1.0"
"#1093","2024","02","09","mtelvers","0.5"
"#1093","2024","03","10","mtelvers","1.0"
"#1093","2024","03","10","punchagan","1.0"
"#1093","2024","03","13","punchagan","1.5"
"#1093","2024","04","16","punchagan","0.5"
"Plat241","2024","01","02","panglesd","0.5"
"#1125","2024","05","21","gpetiot","1.0"
"Community","2024","01","01","Julow","0.0"
"Community","2024","01","03","Julow","0.0"
"Community","2024","01","04","Julow","0.0"
"Community","2024","02","07","Julow","2.0"
"Community","2024","02","08","Julow","1.0"
"Community","2024","02","09","Julow","0.0"
"Community","2024","03","10","Julow","0.5"
"Community","2024","03","11","Julow","0.5"
"Community","2024","03","12","sabine","0.5"
"Community","2024","03","13","Julow","0.5"
"Community","2024","04","15","Julow","0.5"
"Community","2024","04","15","sabine","0.0"
"Community","2024","04","16","sabine","0.0"
"Community","2024","04","17","Julow","0.0"
"Community","2024","04","18","sabine","0.0"
"Community","2024","05","19","Julow","0.0"
"Community","2024","05","19","sabine","0.0"
"Community","2024","05","20","sabine","0.0"
"Plat194","2024","01","01","cuihtlauac","0.0"
"Plat194","2024","01","02","sabine","0.5"
"Plat194","2024","01","02","cuihtlauac","4.5"
"Plat194","2024","01","03","Clairevanden","3.0"
"Plat194","2024","01","03","cuihtlauac","4.0"
"Plat194","2024","01","04","Clairevanden","1.5"
"Plat194","2024","01","04","sabine","0.0"
"Plat194","2024","01","04","cuihtlauac","4.5"
"Plat194","2024","01","05","Clairevanden","2.0"
"Plat194","2024","01","05","sabine","0.0"
"Plat194","2024","01","05","cuihtlauac","4.0"
"Plat194","2024","02","06","sabine","0.5"
"Plat194","2024","02","06","cuihtlauac","4.5"
"Plat194","2024","02","07","Clairevanden","1.0"
"Plat194","2024","02","07","sabine","0.5"
"Plat194","2024","02","07","cuihtlauac","4.0"
"Plat194","2024","02","08","Clairevanden","1.0"
"Plat194","2024","02","08","sabine","0.5"
"Plat194","2024","02","08","cuihtlauac","4.5"
"Plat194","2024","02","09","Clairevanden","0.5"
"Plat194","2024","02","09","cuihtlauac","0.0"
"(new: Commercial Merlin support for Jane Street)","2024","02","07","voodoos","0.5"
"#371","2024","01","03","dra27","0.5"
"#371","2024","02","06","dra27","0.0"
"#371","2024","02","07","dra27","0.5"
"workitems#1168","2024","04","18","Leonidas-from-XIV","0.5"
"Plat277","2024","01","01","pitag-ha","1.0"
"Plat277","2024","01","02","pitag-ha","0.5"
"Plat277","2024","01","03","pitag-ha","1.0"
"Plat277","2024","01","05","pitag-ha","1.0"
"Plat277","2024","02","06","pitag-ha","1.0"
"Plat277","2024","02","07","pitag-ha","1.0"
"Plat277","2024","02","08","pitag-ha","0.5"
"Plat277","2024","03","11","pitag-ha","0.5"
"Plat277","2024","03","12","pitag-ha","0.5"
"Plat156","2024","01","02","pitag-ha","0.0"
"Plat156","2024","01","03","pitag-ha","0.5"
"Plat156","2024","01","05","panglesd","0.0"
"Plat156","2024","01","05","pitag-ha","0.5"
"Plat156","2024","02","06","panglesd","0.0"
"Plat156","2024","02","07","panglesd","0.5"
"Plat156","2024","02","08","panglesd","0.0"
"Plat156","2024","02","08","pitag-ha","0.5"
"Plat156","2024","03","10","panglesd","0.5"
"Plat156","2024","03","11","pitag-ha","0.5"
"Plat156","2024","03","12","panglesd","0.0"
"Plat156","2024","03","12","pitag-ha","0.5"
"Plat156","2024","04","15","patricoferris","0.5"
"Plat156","2024","04","16","patricoferris","0.5"
"Plat156","2024","04","17","patricoferris","0.5"
"Plat156","2024","04","18","patricoferris","1.0"
"workitems#1167","2024","04","18","Leonidas-from-XIV","2.5"
"#968","2024","01","05","n-osborne","2.0"
"#968","2024","02","06","n-osborne","0.5"
"#968","2024","02","06","pitag-ha","1.0"
"#968","2024","02","07","punchagan","0.5"
"#968","2024","02","09","lyrm","0.5"
"#968","2024","03","10","panglesd","2.0"
"#968","2024","03","10","cuihtlauac","1.0"
"#968","2024","03","10","lyrm","4.0"
"#968","2024","03","11","sabine","3.0"
"#968","2024","03","11","cuihtlauac","1.0"
"#968","2024","03","11","lyrm","4.0"
"#968","2024","03","12","panglesd","3.5"
"#968","2024","03","12","cuihtlauac","3.0"
"#968","2024","03","12","lyrm","4.0"
"#968","2024","03","13","panglesd","1.5"
"#968","2024","03","13","cuihtlauac","1.0"
"#968","2024","03","13","lyrm","3.5"
"#968","2024","04","14","Sudha247","1.0"
"#694","2024","04","14","NickBarnes","0.5"
"#968","2024","04","16","n-osborne","0.5"
"#968","2024","04","17","Sudha247","1.0"
"#968","2024","04","17","sabine","5.0"
"#968","2024","04","18","Sudha247","1.5"
"#968","2024","05","19","n-osborne","1.0"
"#968","2024","05","20","n-osborne","1.0"
"#968","2024","05","21","n-osborne","0.0"
"#1057","2024","01","01","clecat","5.0"
"#1057","2024","01","02","clecat","5.0"
"#1057","2024","01","03","clecat","5.0"
"#1057","2024","01","03","art-w","0.5"
"#1057","2024","01","04","clecat","3.0"
"#1057","2024","01","04","art-w","0.5"
"#1057","2024","01","05","clecat","5.0"
"#1057","2024","01","05","art-w","0.5"
"#1057","2024","02","06","clecat","5.0"
"#1057","2024","02","07","clecat","5.0"
"#1057","2024","02","07","art-w","3.0"
"#1057","2024","02","08","clecat","5.0"
"#1057","2024","02","08","art-w","3.5"
"#1057","2024","02","09","clecat","3.5"
"#1057","2024","02","09","art-w","2.0"
"#1057","2024","03","10","clecat","3.0"
"#1057","2024","03","10","art-w","3.0"
"#1057","2024","03","11","clecat","4.0"
"#1057","2024","03","11","art-w","3.5"
"#1057","2024","03","12","art-w","2.5"
"#1057","2024","03","13","clecat","5.0"
"#1057","2024","03","13","art-w","3.5"
"#1057","2024","04","14","clecat","2.5"
"#1057","2024","04","15","clecat","4.0"
"#1057","2024","04","15","art-w","1.5"
"#1057","2024","04","16","clecat","5.0"
"#1057","2024","04","17","clecat","3.0"
"#1057","2024","04","18","art-w","1.0"
"#1057","2024","05","19","art-w","1.0"
"#1057","2024","05","20","clecat","5.0"
"#1057","2024","05","20","art-w","4.5"
"#1057","2024","05","21","clecat","0.5"
"Com17","2024","01","02","vouillon","0.5"
"Com17","2024","01","05","shakthimaan","0.5"
"Com17","2024","01","05","ElectreAAS","0.5"
"Com17","2024","02","06","ElectreAAS","0.5"
"Com17","2024","02","07","ElectreAAS","0.5"
"Com17","2024","02","08","punchagan","0.5"
"Com17","2024","02","08","ElectreAAS","0.5"
"Com17","2024","02","09","pitag-ha","1.0"
"Com17","2024","02","09","ElectreAAS","0.5"
"Com17","2024","03","10","punchagan","0.5"
"Com17","2024","03","11","punchagan","4.5"
"Com17","2024","03","11","shakthimaan","5.0"
"Com17","2024","03","13","pitag-ha","1.0"
"#1140","2024","04","14","MisterDA","2.0"
"#1140","2024","04","15","MisterDA","1.0"
"#1140","2024","04","16","MisterDA","2.0"
"Com17","2024","04","17","jmid","1.0"
"#1140","2024","04","17","MisterDA","1.0"
"Com17","2024","04","18","jmid","3.0"
"Comp109","2024","01","01","sadiqj","1.0"
"Comp109","2024","01","02","sadiqj","1.0"
"Comp109","2024","01","02","NickBarnes","1.0"
"Comp109","2024","01","03","sadiqj","0.5"
"Comp109","2024","01","03","NickBarnes","0.5"
"Comp109","2024","01","04","sadiqj","0.5"
"Comp109","2024","01","04","NickBarnes","0.5"
"Comp109","2024","01","05","sadiqj","1.0"
"Comp109","2024","01","05","NickBarnes","0.5"
"Comp109","2024","02","06","sadiqj","1.0"
"Comp109","2024","02","06","NickBarnes","0.5"
"Comp109","2024","02","07","sadiqj","1.0"
"Comp109","2024","02","08","sadiqj","1.0"
"Comp109","2024","02","09","sadiqj","1.0"
"Comp109","2024","02","09","NickBarnes","0.5"
"Comp109","2024","03","10","sadiqj","1.0"
"Comp109","2024","03","11","sadiqj","1.0"
"Comp109","2024","04","14","sadiqj","0.5"
"Comp109","2024","04","15","sadiqj","0.5"
"Comp109","2024","04","16","sadiqj","1.5"
"Comp109","2024","04","17","sadiqj","3.5"
"Comp109","2024","05","19","sadiqj","0.0"
"#64","2024","02","06","gpetiot","1.5"
"#64","2024","02","08","gpetiot","1.0"
"#64","2024","02","09","gpetiot","1.5"
"#64","2024","03","10","gpetiot","0.5"
"Plat259","2024","03","12","EmileTrotignon","1.0"
"Plat259","2024","03","13","EmileTrotignon","2.0"
"Plat259","2024","04","14","EmileTrotignon","5.0"
"Plat259","2024","04","15","EmileTrotignon","4.5"
"Plat259","2024","04","16","EmileTrotignon","4.5"
"Plat259","2024","04","18","EmileTrotignon","2.0"
"#1060","2024","01","01","dustanddreams","0.0"
"#1060","2024","01","03","dustanddreams","2.5"
"#409","2024","01","01","n-osborne","2.0"
"#409","2024","01","02","n-osborne","2.0"
"#409","2024","01","03","n-osborne","0.0"
"#409","2024","01","04","n-osborne","0.5"
"#409","2024","01","05","n-osborne","2.0"
"#409","2024","02","07","n-osborne","1.0"
"#409","2024","02","08","n-osborne","1.0"
"#409","2024","02","09","n-osborne","0.5"
"#409","2024","03","10","n-osborne","2.0"
"#409","2024","03","11","n-osborne","0.5"
"#409","2024","03","12","n-osborne","0.5"
"#409","2024","03","13","n-osborne","2.0"
"#409","2024","04","14","n-osborne","1.5"
"#409","2024","04","15","n-osborne","1.0"
"#409","2024","04","16","n-osborne","0.5"
"#409","2024","05","19","n-osborne","1.0"
"#409","2024","05","20","n-osborne","1.5"
"#409","2024","05","21","n-osborne","2.0"
"#59","2024","02","06","gpetiot","1.0"
"#59","2024","02","07","gpetiot","2.5"
"#59","2024","02","07","jonludlam","2.0"
"#59","2024","02","08","gpetiot","1.0"
"#59","2024","03","10","gpetiot","1.0"
"#59","2024","03","11","gpetiot","0.5"
"#59","2024","03","11","jonludlam","1.5"
"#59","2024","03","13","jonludlam","2.0"
"#59","2024","04","15","panglesd","0.5"
"#59","2024","04","16","panglesd","1.0"
"#59","2024","04","18","panglesd","0.5"
"Plat105","2024","01","02","benmandrew","1.5"
"MC95","2024","01","04","talex5","0.0"
"#1094","2024","01","02","punchagan","1.5"
"#1119","2024","01","02","Firobe","2.5"
"#1094","2024","01","03","punchagan","1.0"
"#1119","2024","01","03","Firobe","1.0"
"#1094","2024","01","05","punchagan","1.5"
"#1094","2024","02","06","punchagan","4.0"
"#1094","2024","02","07","punchagan","4.5"
"#1094","2024","02","08","punchagan","1.0"
"#1119","2024","02","08","Firobe","0.0"
"#1094","2024","02","09","punchagan","1.0"
"#1119","2024","02","09","Firobe","0.5"
"#1094","2024","03","10","punchagan","3.0"
"#1094","2024","03","12","punchagan","2.5"
"#1119","2024","04","17","Firobe","1.0"
"#1119","2024","05","20","Firobe","0.0"
"(new: Code of Conduct)","2024","02","06","pitag-ha","1.0"
"(new: Code of Conduct)","2024","04","18","pitag-ha","0.0"
"#1086","2024","02","07","polytypic","1.0"
"#1086","2024","02","08","polytypic","1.0"
"#1086","2024","02","09","polytypic","3.5"
"#1086","2024","03","10","polytypic","4.0"
"#1086","2024","03","11","polytypic","4.0"
"#1086","2024","03","12","polytypic","5.0"
"#1086","2024","03","13","polytypic","5.0"
"#1086","2024","04","14","polytypic","4.5"
"#1086","2024","04","15","polytypic","5.0"
"#1086","2024","04","16","polytypic","5.0"
"#1086","2024","04","17","polytypic","4.5"
"#1086","2024","04","18","polytypic","4.5"
"Irm100","2024","01","01","Lucccyo","2.0"
"Irm100","2024","01","01","art-w","0.5"
"Irm100","2024","01","02","art-w","0.5"
"Plat247","2024","02","08","xvw","0.5"
"Plat247","2024","03","10","xvw","1.5"
"Plat247","2024","03","11","xvw","3.0"
"Plat247","2024","03","12","xvw","2.5"
"Plat247","2024","03","13","xvw","2.5"
"Plat247","2024","04","14","xvw","2.0"
"Plat247","2024","04","15","voodoos","0.5"
"Plat247","2024","04","16","voodoos","0.5"
"Plat247","2024","04","16","xvw","3.0"
"Plat247","2024","04","18","3Rafal","2.0"
"Mer3","2024","01","01","voodoos","1.5"
"Mer3","2024","01","05","voodoos","3.5"
"Mer3","2024","02","06","voodoos","3.5"
"Mer3","2024","02","07","voodoos","3.5"
"Mer3","2024","02","08","voodoos","3.0"
"Mer3","2024","02","08","xvw","2.0"
"Mer3","2024","02","09","xvw","4.0"
"Mer3","2024","03","10","pitag-ha","0.5"
"Mer3","2024","03","10","voodoos","0.5"
"Mer3","2024","03","10","xvw","2.5"
"Mer3","2024","03","11","xvw","1.0"
"Mer3","2024","04","14","voodoos","0.5"
"Mer3","2024","04","15","voodoos","0.5"
"Mer3","2024","04","16","pitag-ha","0.5"
"Mer3","2024","04","16","voodoos","1.0"
"Mer3","2024","04","17","voodoos","0.5"
"Mer3","2024","04","18","voodoos","2.5"
"#1156","2024","04","14","punchagan","1.5"
"#1156","2024","04","15","punchagan","1.0"
"#1156","2024","04","16","punchagan","4.5"
"#1156","2024","04","17","punchagan","3.0"
"#1156","2024","04","18","punchagan","3.5"
"#1069","2024","01","01","rgrinberg","2.0"
"#1069","2024","01","01","Leonidas-from-XIV","4.0"
"#1069","2024","01","02","rgrinberg","2.0"
"#1069","2024","01","02","Leonidas-from-XIV","5.0"
"#1069","2024","01","03","Leonidas-from-XIV","3.5"
"#1069","2024","01","04","Leonidas-from-XIV","2.0"
"#1069","2024","01","05","Leonidas-from-XIV","4.0"
"#1069","2024","02","06","Leonidas-from-XIV","4.0"
"#1069","2024","02","07","Leonidas-from-XIV","4.0"
"#1069","2024","02","08","Leonidas-from-XIV","5.0"
"#1069","2024","02","09","Leonidas-from-XIV","3.0"
"#1069","2024","03","10","Leonidas-from-XIV","1.0"
"#1069","2024","03","11","Leonidas-from-XIV","1.5"
"#1069","2024","03","12","Leonidas-from-XIV","1.0"
"#1069","2024","03","13","Leonidas-from-XIV","0.5"
"#1069","2024","04","16","Leonidas-from-XIV","1.0"
"#1069","2024","04","17","Leonidas-from-XIV","0.5"
"#1069","2024","05","21","emillon","1.0"
"OD29","2024","01","05","panglesd","1.5"
"Comp120","2024","01","02","OlivierNicole","1.5"
"#1167","2024","05","19","gridbugs","4.0"
"#1167","2024","05","20","gridbugs","2.0"
"#1167","2024","05","20","emillon","0.5"
"#1167","2024","05","21","moyodiallo","2.5"
"#1168","2024","05","19","emillon","0.5"
"#1168","2024","05","20","moyodiallo","1.5"
"#1168","2024","05","20","emillon","1.0"
"#1168","2024","05","21","emillon","0.0"
"#1096","2024","01","01","jonludlam","1.0"
"#1096","2024","01","02","jonludlam","1.0"
"#1096","2024","01","03","jonludlam","3.0"
"#1096","2024","01","04","jonludlam","4.0"
"#1096","2024","01","05","jonludlam","3.0"
"#1096","2024","02","06","jonludlam","4.0"
"#1096","2024","02","07","jonludlam","1.0"
"#1096","2024","02","08","jonludlam","1.0"
"#1096","2024","02","09","jonludlam","1.0"
"#1096","2024","04","14","panglesd","1.0"
"Plat219","2024","01","05","punchagan","0.5"
"Plat219","2024","02","06","punchagan","0.5"
"Plat219","2024","04","14","punchagan","1.0"
"#551","2024","04","16","shonfeder","0.5"
"#551","2024","04","17","shonfeder","1.5"
"#551","2024","04","18","shonfeder","1.0"
"#551","2024","05","19","shonfeder","1.5"
"#551","2024","05","20","shonfeder","0.5"
"Plat125","2024","01","02","kit-ty-kate","0.5"
"Plat125","2024","01","04","kit-ty-kate","1.5"
"Plat125","2024","01","05","kit-ty-kate","0.5"
"Plat125","2024","02","07","kit-ty-kate","1.0"
"Plat125","2024","02","08","kit-ty-kate","1.0"
"Plat125","2024","02","09","kit-ty-kate","0.5"
"Plat125","2024","03","10","kit-ty-kate","2.0"
"Plat125","2024","03","11","kit-ty-kate","2.0"
"Plat125","2024","03","12","kit-ty-kate","1.0"
"#1170","2024","05","20","moyodiallo","0.5"
"Meet","2024","01","01","Sudha247","1.0"
"Meet","2024","01","01","dra27","0.5"
"Meet","2024","01","02","Sudha247","1.0"
"Meet","2024","01","02","pitag-ha","0.5"
"Meet","2024","01","02","dra27","1.5"
"Meet","2024","01","03","Sudha247","0.5"
"Meet","2024","01","03","dra27","1.5"
"Meet","2024","01","04","Sudha247","1.0"
"Meet","2024","01","04","dra27","0.5"
"Meet","2024","01","05","Sudha247","1.5"
"Meet","2024","01","05","pitag-ha","0.5"
"Meet","2024","01","05","dra27","0.5"
"Meet","2024","02","06","Sudha247","1.5"
"Meet","2024","02","06","pitag-ha","0.5"
"Meet","2024","02","06","dra27","1.5"
"Meet","2024","02","07","Sudha247","1.5"
"Meet","2024","02","07","pitag-ha","1.5"
"Meet","2024","02","07","dra27","0.5"
"Meet","2024","02","08","Sudha247","1.0"
"Meet","2024","02","08","pitag-ha","0.5"
"Meet","2024","02","08","dra27","0.0"
"Meet","2024","02","09","Sudha247","1.0"
"Meet","2024","03","10","Sudha247","1.5"
"Meet","2024","03","10","pitag-ha","1.0"
"Meet","2024","03","10","dra27","0.5"
"Meet","2024","03","10","art-w","1.5"
"Meet","2024","03","11","pitag-ha","0.5"
"Meet","2024","03","11","dra27","1.0"
"Meet","2024","03","11","art-w","1.0"
"Meet","2024","03","12","Sudha247","1.0"
"Meet","2024","03","12","dra27","1.5"
"Meet","2024","03","13","dra27","3.0"
"Meet","2024","03","13","art-w","1.5"
"Meet","2024","04","14","talex5","0.5"
"Meet","2024","04","14","punchagan","0.5"
"Meet","2024","04","14","Sudha247","1.0"
"Meet","2024","04","14","dra27","2.5"
"Meet","2024","04","15","talex5","0.5"
"Meet","2024","04","15","mtelvers","0.5"
"Meet","2024","04","15","punchagan","0.5"
"Meet","2024","04","15","Sudha247","1.0"
"Meet","2024","04","15","pitag-ha","0.5"
"Meet","2024","04","15","dra27","1.0"
"Meet","2024","04","16","Sudha247","1.0"
"Meet","2024","04","16","dra27","1.0"
"Meet","2024","04","17","mtelvers","0.5"
"Meet","2024","04","17","Sudha247","1.0"
"Meet","2024","04","17","shonfeder","0.5"
"Meet","2024","04","17","dra27","1.5"
"Meet","2024","04","18","mtelvers","0.5"
"Meet","2024","04","18","Sudha247","1.5"
"Meet","2024","04","18","pitag-ha","0.5"
"Meet","2024","04","18","shonfeder","1.0"
"Meet","2024","04","18","dra27","0.5"
"Meet","2024","04","18","shindere","0.5"
"Meet","2024","05","19","shonfeder","0.5"
"Meet","2024","05","19","dra27","1.5"
"Meet","2024","05","19","art-w","0.5"
"Meet","2024","05","20","shonfeder","1.0"
"Meet","2024","05","20","dra27","0.5"
"Meet","2024","05","20","art-w","0.5"
"Meet","2024","05","21","jmid","1.5"
"Meet","2024","05","21","shonfeder","1.5"
"Meet","2024","05","21","shindere","1.0"
"Meet","2024","05","22","shindere","0.0"
"#1160","2024","01","01","benmandrew","1.0"
"Hack01","2024","01","04","n-osborne","1.5"
"Hack01","2024","01","04","tmcgilchrist","2.0"
"Hack01","2024","01","04","mtelvers","2.0"
"Hack01","2024","01","04","moyodiallo","1.0"
"Hack01","2024","01","04","jmid","1.5"
"Hack01","2024","01","04","shym","2.0"
"Hack01","2024","01","04","PizieDust","2.0"
"Hack01","2024","01","04","fabbing","1.0"
"Hack01","2024","01","04","clecat","2.0"
"Hack01","2024","01","04","ElectreAAS","2.0"
"Hack01","2024","01","04","OlivierNicole","2.0"
"Hack01","2024","01","04","gridbugs","2.0"
"Hack01","2024","01","04","emillon","1.0"
"Hack01","2024","01","04","Leonidas-from-XIV","2.0"
"Hack01","2024","01","05","shindere","2.0"
"Hack01","2024","02","09","n-osborne","2.0"
"Hack01","2024","02","09","trefis","1.5"
"Hack01","2024","02","09","tmcgilchrist","0.5"
"Hack01","2024","02","09","moyodiallo","2.0"
"Hack01","2024","02","09","jmid","1.5"
"Hack01","2024","02","09","punchagan","2.0"
"Hack01","2024","02","09","shym","2.0"
"Hack01","2024","02","09","pitag-ha","2.0"
"Hack01","2024","02","09","shakthimaan","2.0"
"Hack01","2024","02","09","fabbing","0.5"
"Hack01","2024","02","09","gridbugs","2.0"
"Hack01","2024","02","09","emillon","2.0"
"Hack01","2024","02","09","xvw","1.0"
"Hack01","2024","02","09","Leonidas-from-XIV","2.0"
"Hack01","2024","02","09","jonludlam","2.0"
"Hack01","2024","02","09","art-w","1.5"
"Hack01","2024","03","11","emillon","0.5"
"Hack01","2024","03","12","n-osborne","2.0"
"Hack01","2024","03","12","trefis","1.0"
"Hack01","2024","03","12","sadiqj","1.0"
"Hack01","2024","03","12","EmileTrotignon","2.0"
"Hack01","2024","03","12","tmcgilchrist","0.5"
"Hack01","2024","03","12","moyodiallo","1.0"
"Hack01","2024","03","12","jmid","1.0"
"Hack01","2024","03","12","punchagan","2.0"
"Hack01","2024","03","12","shym","2.0"
"Hack01","2024","03","12","pitag-ha","1.0"
"Hack01","2024","03","12","shakthimaan","2.0"
"Hack01","2024","03","12","fabbing","2.0"
"Hack01","2024","03","12","NickBarnes","1.0"
"Hack01","2024","03","12","OlivierNicole","1.5"
"Hack01","2024","03","12","gridbugs","2.0"
"Hack01","2024","03","12","emillon","1.0"
"Hack01","2024","03","12","xvw","2.0"
"Hack01","2024","03","12","Leonidas-from-XIV","2.0"
"Hack01","2024","03","12","jonludlam","2.0"
"Hack01","2024","03","12","art-w","1.0"
"Hack01","2024","03","13","tmcgilchrist","0.0"
"Hack01","2024","03","13","punchagan","0.5"
"Hack01","2024","04","17","tmcgilchrist","2.0"
"Hack01","2024","04","17","moyodiallo","2.0"
"Hack01","2024","04","17","jmid","1.0"
"Hack01","2024","04","17","shym","2.0"
"Hack01","2024","04","17","fabbing","0.5"
"Hack01","2024","04","17","gridbugs","2.0"
"Hack01","2024","04","17","emillon","2.0"
"Hack01","2024","04","17","xvw","2.0"
"Hack01","2024","04","17","MisterDA","0.5"
"Plat234","2024","01","01","kit-ty-kate","0.0"
"Plat234","2024","01","02","kit-ty-kate","1.0"
"#354","2024","01","01","polytypic","0.5"
"#354","2024","01","02","polytypic","0.5"
"#354","2024","02","08","NickBarnes","1.0"
"#354","2024","03","10","NickBarnes","0.5"
"Plat204","2024","02","06","emillon","0.5"
"Plat204","2024","02","09","emillon","0.5"
"#338","2024","02","08","art-w","0.5"
"#338","2024","02","09","Lucccyo","1.0"
"#338","2024","02","09","art-w","0.5"
"#338","2024","03","10","Lucccyo","5.0"
"#338","2024","03","10","art-w","0.5"
"#338","2024","03","11","Lucccyo","5.0"
"#338","2024","03","11","art-w","0.5"
"#338","2024","03","12","Lucccyo","2.0"
"#338","2024","03","12","art-w","0.0"
"#338","2024","03","13","Lucccyo","2.0"
"#338","2024","05","19","art-w","0.5"
"#338","2024","05","20","art-w","0.0"
"Com8","2024","01","01","saysayo","0.5"
"Com8","2024","01","02","pitag-ha","0.5"
"Com8","2024","01","03","pitag-ha","1.0"
"Com8","2024","01","05","pitag-ha","0.5"
"Com8","2024","02","06","panglesd","0.5"
"Com8","2024","02","07","panglesd","1.0"
"Com8","2024","02","07","EmileTrotignon","2.0"
"Com8","2024","02","07","pitag-ha","1.0"
"Com8","2024","02","08","panglesd","1.5"
"Com8","2024","02","08","EmileTrotignon","1.5"
"Com8","2024","02","08","pitag-ha","0.5"
"Com8","2024","02","08","shakthimaan","0.5"
"Com8","2024","02","09","panglesd","1.0"
"Com8","2024","03","10","panglesd","1.5"
"Com8","2024","03","10","Julow","1.5"
"Com8","2024","03","10","shakthimaan","1.0"
"Com8","2024","03","11","Julow","1.5"
"Com8","2024","03","12","panglesd","1.0"
"Com8","2024","03","12","Julow","0.5"
"Com8","2024","03","12","shakthimaan","1.0"
"Com8","2024","03","13","panglesd","1.0"
"Com8","2024","03","13","Julow","1.0"
"Com8","2024","03","13","shakthimaan","1.0"
"Com8","2024","04","14","panglesd","0.0"
"Com8","2024","04","14","Julow","0.5"
"#1073","2024","04","14","art-w","0.5"
"Com8","2024","04","15","patricoferris","0.5"
"#1073","2024","04","15","art-w","0.5"
"Com8","2024","04","16","patricoferris","0.5"
"Com8","2024","04","17","patricoferris","0.5"
"#1073","2024","05","21","clecat","3.5"
"#1065","2024","01","02","dra27","0.5"
"#1065","2024","01","03","dra27","0.5"
"#1065","2024","01","04","dra27","4.0"
"#1065","2024","01","05","dra27","3.0"
"#1065","2024","02","06","dra27","3.5"
"#1065","2024","02","07","dra27","3.0"
"#1065","2024","02","08","dra27","0.5"
"#1065","2024","02","09","dra27","0.0"
"#1065","2024","03","10","dra27","1.0"
"#1065","2024","03","11","dra27","2.5"
"#1065","2024","03","13","dra27","0.5"
"#1065","2024","04","15","dra27","2.0"
"#1065","2024","04","16","dra27","2.0"
"#1065","2024","04","17","dra27","0.5"
"#1065","2024","04","18","dra27","0.5"
"#1065","2024","05","19","dra27","2.0"
"#1065","2024","05","20","dra27","0.5"
"Plat278","2024","01","01","saysayo","2.5"
"Comp98","2024","02","09","jmid","0.5"
"#1124","2024","04","14","gpetiot","1.5"
"#1124","2024","04","16","gpetiot","2.0"
"#1124","2024","04","18","gpetiot","3.0"
"#1124","2024","05","19","gpetiot","2.0"
"#1124","2024","05","20","gpetiot","4.5"
"#1124","2024","05","21","gpetiot","2.0"
"#65","2024","01","03","PizieDust","3.5"
"#65","2024","01","05","PizieDust","4.0"
"#65","2024","03","10","PizieDust","0.5"
"#65","2024","03","11","PizieDust","3.0"
"#65","2024","03","12","PizieDust","4.0"
"#65","2024","03","13","PizieDust","4.0"
"#65","2024","04","14","PizieDust","3.5"
"#65","2024","04","15","PizieDust","4.0"
"#65","2024","04","16","PizieDust","4.0"
"#65","2024","04","18","PizieDust","4.0"
"#65","2024","05","19","PizieDust","4.0"
"#1082","2024","01","01","PizieDust","0.0"
"#1082","2024","01","02","PizieDust","0.0"
"#1082","2024","01","03","PizieDust","0.0"
"#1082","2024","01","04","PizieDust","0.0"
"#1082","2024","01","05","PizieDust","0.0"
"#1082","2024","02","06","PizieDust","0.5"
"#1082","2024","02","06","fabbing","0.0"
"#1082","2024","02","07","sadiqj","0.0"
"#1082","2024","02","07","fabbing","0.0"
"#1082","2024","02","08","PizieDust","0.0"
"#1082","2024","02","08","fabbing","0.0"
"#1082","2024","02","09","sadiqj","0.0"
"#1082","2024","02","09","fabbing","0.5"
"#1082","2024","03","10","PizieDust","0.0"
"#1082","2024","03","10","fabbing","0.0"
"#1082","2024","03","10","shindere","2.0"
"#1082","2024","03","11","PizieDust","0.0"
"#1082","2024","03","11","fabbing","0.0"
"#1082","2024","03","11","shindere","1.0"
"#1082","2024","03","12","PizieDust","0.5"
"#1082","2024","03","12","fabbing","0.5"
"#1082","2024","03","12","shindere","1.0"
"#1082","2024","03","13","PizieDust","0.0"
"#1082","2024","03","13","fabbing","0.5"
"#1082","2024","03","13","shindere","1.0"
"#1082","2024","04","14","PizieDust","0.5"
"#1082","2024","04","14","fabbing","0.5"
"#1082","2024","04","14","shindere","1.0"
"#1082","2024","04","15","PizieDust","0.5"
"#1082","2024","04","16","PizieDust","0.5"
"#1082","2024","04","16","fabbing","0.0"
"#1082","2024","04","17","fabbing","0.5"
"#1082","2024","04","18","PizieDust","0.5"
"#1082","2024","04","18","fabbing","0.5"
"#1082","2024","05","19","PizieDust","0.0"
"(new: Onboard New Contributors to OCaml Projects)","2024","01","02","sabine","1.0"
"(new: Onboard New Contributors to OCaml Projects)","2024","01","04","shakthimaan","2.0"
"(new: Onboard New Contributors to OCaml Projects)","2024","01","05","sabine","0.0"
"(new: Onboard New Contributors to OCaml Projects)","2024","02","08","sabine","0.5"
"(new: Onboard New Contributors to OCaml Projects)","2024","02","09","sabine","0.5"
"(new: Onboard New Contributors to OCaml Projects)","2024","04","14","sabine","0.0"
"(new: Onboard New Contributors to OCaml Projects)","2024","04","16","sabine","0.5"
"(new: Onboard New Contributors to OCaml Projects)","2024","04","18","sabine","0.5"
"#411","2024","04","16","shindere","2.0"
"#411","2024","05","22","shindere","1.0"
"Plat239","2024","01","02","EmileTrotignon","0.5"
"#1106","2024","01","02","Firobe","1.0"
"#1107","2024","01","03","Firobe","1.0"
"#1106","2024","01","03","Firobe","2.0"
"#1106","2024","01","04","Firobe","2.0"
"#1106","2024","01","05","Firobe","1.0"
"#1107","2024","02","06","Firobe","0.5"
"#1106","2024","02","06","Firobe","1.5"
"#1106","2024","02","07","Firobe","1.0"
"#1107","2024","02","07","Firobe","0.5"
"#1106","2024","02","08","Firobe","0.5"
"#1107","2024","02","08","Firobe","3.5"
"#1106","2024","02","09","Firobe","1.5"
"#1107","2024","02","09","Firobe","2.5"
"#1106","2024","03","10","Firobe","1.0"
"#1107","2024","03","10","Firobe","1.5"
"#1106","2024","03","11","Firobe","0.5"
"#1107","2024","03","11","Firobe","0.5"
"#1106","2024","03","12","Firobe","0.0"
"#1107","2024","03","12","Firobe","1.0"
"#1106","2024","03","13","Firobe","1.5"
"#1107","2024","03","13","Firobe","1.0"
"#1106","2024","04","14","Firobe","0.5"
"#1107","2024","04","14","Firobe","0.0"
"#1106","2024","04","15","Firobe","0.5"
"#1106","2024","04","16","Firobe","0.0"
"#1106","2024","04","17","Firobe","1.0"
"#1106","2024","04","18","Firobe","1.0"
"#1106","2024","05","19","Firobe","0.0"
"#1106","2024","05","20","Firobe","2.0"
"#1107","2024","05","20","Firobe","0.5"
"#1106","2024","05","21","Firobe","0.5"
"#1130","2024","03","11","OlivierNicole","0.5"
"#1130","2024","03","12","OlivierNicole","3.0"
"#1130","2024","03","13","OlivierNicole","2.0"
"#1130","2024","04","14","OlivierNicole","1.5"
"#1130","2024","04","15","OlivierNicole","4.0"
"#1130","2024","04","16","OlivierNicole","0.0"
"#1130","2024","04","17","OlivierNicole","0.0"
"#1130","2024","04","18","OlivierNicole","1.0"
"Plat111","2024","01","01","kit-ty-kate","1.5"
"Plat111","2024","01","02","kit-ty-kate","3.0"
"Plat111","2024","01","03","kit-ty-kate","4.0"
"Plat111","2024","01","04","kit-ty-kate","3.0"
"Plat111","2024","01","05","kit-ty-kate","4.0"
"Plat111","2024","02","06","kit-ty-kate","1.5"
"Plat111","2024","02","07","kit-ty-kate","2.5"
"Plat111","2024","02","08","kit-ty-kate","1.5"
"Plat111","2024","02","09","kit-ty-kate","3.5"
"Plat111","2024","03","10","kit-ty-kate","1.5"
"Plat111","2024","03","11","kit-ty-kate","1.5"
"Comp129","2024","01","01","dustanddreams","2.0"
"Comp129","2024","01","02","dustanddreams","4.0"
"Comp129","2024","01","03","dustanddreams","0.5"
"Comp129","2024","01","04","dustanddreams","3.0"
"Comp129","2024","01","05","dustanddreams","4.0"
"Comp129","2024","02","06","dustanddreams","4.0"
"Comp129","2024","02","07","dustanddreams","4.0"
"Comp129","2024","02","08","dustanddreams","3.5"
"Comp129","2024","02","09","dustanddreams","4.0"
"Comp129","2024","03","10","dustanddreams","4.0"
"Comp129","2024","03","11","dustanddreams","2.0"
"Comp129","2024","03","12","dustanddreams","4.0"
"Comp129","2024","03","13","dustanddreams","1.5"
"Comp129","2024","04","14","dustanddreams","1.0"
"Comp129","2024","05","21","dustanddreams","1.0"
"Plat174","2024","01","01","punchagan","2.5"
"Plat174","2024","01","02","mtelvers","5.0"
"Plat174","2024","01","02","punchagan","0.5"
"Plat174","2024","01","03","mtelvers","4.0"
"Plat174","2024","01","04","mtelvers","4.0"
"Plat174","2024","01","05","mtelvers","2.0"
"Plat174","2024","01","05","punchagan","0.5"
"Plat174","2024","01","05","benmandrew","1.0"
"Plat174","2024","02","06","mtelvers","2.0"
"Plat174","2024","02","06","punchagan","0.5"
"Plat174","2024","02","06","benmandrew","4.0"
"Plat174","2024","02","07","mtelvers","3.0"
"Plat174","2024","02","07","benmandrew","2.0"
"Plat174","2024","02","08","punchagan","2.0"
"Plat174","2024","03","10","punchagan","0.5"
"Plat174","2024","03","11","punchagan","0.5"
"Plat174","2024","03","12","punchagan","0.5"
"Plat174","2024","03","12","benmandrew","0.5"
"Plat174","2024","03","13","punchagan","2.0"
"Plat174","2024","03","13","benmandrew","0.5"
"Plat174","2024","04","14","punchagan","2.0"
"Plat174","2024","04","14","benmandrew","0.5"
"Plat174","2024","04","15","punchagan","0.5"
"Plat174","2024","04","15","benmandrew","1.0"
"Plat174","2024","04","17","shonfeder","0.5"
"Plat174","2024","04","17","benmandrew","1.5"
"Plat174","2024","04","18","punchagan","0.5"
"Plat174","2024","04","18","shonfeder","1.0"
"Plat174","2024","05","19","shonfeder","1.5"
"Plat174","2024","05","20","shonfeder","1.0"
"#1115","2024","02","06","gpetiot","1.0"
"#1115","2024","02","08","gpetiot","1.0"
"#1115","2024","02","09","gpetiot","1.0"
"#1115","2024","03","10","gpetiot","1.5"
"#1115","2024","03","11","gpetiot","4.0"
"#1115","2024","03","12","gpetiot","3.0"
"#1115","2024","03","13","gpetiot","1.0"
"#1115","2024","04","14","gpetiot","1.5"
"#1115","2024","04","15","gpetiot","4.5"
"#1115","2024","04","16","gpetiot","3.0"
"#1115","2024","04","17","gpetiot","1.0"
"#1115","2024","04","18","gpetiot","2.0"
"#1115","2024","05","19","gpetiot","1.0"
"#1115","2024","05","21","gpetiot","1.0"
"#1126","2024","04","14","gpetiot","0.5"
"workitems#1170","2024","04","18","Leonidas-from-XIV","0.5"
"MC104","2024","01","01","lyrm","0.5"
"MC104","2024","01","02","lyrm","3.0"
"MC104","2024","01","03","lyrm","2.5"
"MC104","2024","01","04","lyrm","1.5"
"MC104","2024","01","05","lyrm","2.5"
"MC104","2024","02","08","lyrm","3.5"
"MC104","2024","02","09","lyrm","2.5"
"MC104","2024","04","14","lyrm","1.0"
"MC104","2024","04","17","lyrm","4.0"
"MC104","2024","04","18","lyrm","1.0"
"#1103","2024","01","03","tmcgilchrist","1.0"
"#1103","2024","01","04","tmcgilchrist","0.5"
"#1103","2024","01","05","tmcgilchrist","1.5"
"#1103","2024","02","06","tmcgilchrist","2.5"
"#1103","2024","02","07","tmcgilchrist","2.0"
"#1103","2024","02","08","tmcgilchrist","1.0"
"#1103","2024","02","08","NickBarnes","0.5"
"#1103","2024","02","09","tmcgilchrist","1.0"
"#1103","2024","03","10","tmcgilchrist","0.5"
"#1103","2024","03","13","tmcgilchrist","0.0"
"#1103","2024","04","16","tmcgilchrist","0.5"
"#1158","2024","04","15","RyanGibb","2.0"
"#1158","2024","04","16","RyanGibb","2.0"
"#1158","2024","04","17","RyanGibb","2.0"
"#1158","2024","04","18","RyanGibb","2.0"
"#1114","2024","01","05","Sudha247","2.0"
"#1114","2024","02","06","Sudha247","1.5"
"#1114","2024","02","07","Sudha247","1.5"
"#1114","2024","02","08","Sudha247","2.0"
"#1114","2024","02","09","Sudha247","0.5"
"#1114","2024","03","10","Sudha247","1.5"
"#1114","2024","03","12","Sudha247","2.0"
"#1114","2024","04","14","Sudha247","0.5"
"#1114","2024","04","15","Sudha247","1.0"
"#1114","2024","04","16","Sudha247","3.0"
"#1114","2024","04","17","Sudha247","3.0"
"#1114","2024","04","18","Sudha247","2.0"
"#1085","2024","02","08","shakthimaan","1.5"
"#1085","2024","02","09","shakthimaan","2.0"
"#1085","2024","04","14","shakthimaan","1.5"
"#1085","2024","04","15","shakthimaan","2.0"
"#1085","2024","04","16","shakthimaan","2.5"
"#1085","2024","04","17","shakthimaan","2.5"
"#1085","2024","04","18","shakthimaan","3.0"
"Plat180","2024","01","01","kit-ty-kate","0.5"
"Plat180","2024","01","02","ElectreAAS","4.5"
"Plat180","2024","01","02","emillon","1.0"
"Plat180","2024","01","02","kit-ty-kate","0.5"
"Plat180","2024","01","03","ElectreAAS","4.5"
"Plat180","2024","01","03","kit-ty-kate","0.5"
"Plat180","2024","01","04","ElectreAAS","3.0"
"Plat180","2024","01","04","kit-ty-kate","0.5"
"Plat180","2024","01","05","ElectreAAS","3.0"
"Plat180","2024","01","05","kit-ty-kate","0.0"
"Plat180","2024","02","06","ElectreAAS","2.0"
"Plat180","2024","02","07","ElectreAAS","2.0"
"Plat180","2024","02","08","ElectreAAS","0.5"
"Plat180","2024","02","09","ElectreAAS","2.0"
"Plat180","2024","03","10","kit-ty-kate","1.0"
"Plat180","2024","03","11","moyodiallo","2.0"
"Plat180","2024","03","12","moyodiallo","2.0"
"Plat180","2024","03","13","moyodiallo","1.5"
"Plat180","2024","04","14","moyodiallo","1.5"
"Plat180","2024","04","15","moyodiallo","0.5"
"Plat180","2024","04","16","moyodiallo","2.0"
"Plat180","2024","04","17","moyodiallo","2.0"
"Plat180","2024","04","18","moyodiallo","1.0"
"Plat180","2024","05","20","moyodiallo","1.0"
"#1151","2024","04","15","shakthimaan","1.0"
"#1151","2024","04","16","shakthimaan","1.5"
"#1151","2024","04","17","shakthimaan","0.5"
"#1151","2024","04","18","shakthimaan","1.0"
"Learning","2024","01","01","pitag-ha","0.5"
"Learning","2024","01","02","pitag-ha","0.5"
"Learning","2024","01","03","pitag-ha","0.5"
"Learning","2024","01","05","pitag-ha","0.5"
"Learning","2024","02","06","fabbing","0.5"
"Learning","2024","02","07","fabbing","0.5"
"Learning","2024","02","08","fabbing","0.5"
"Learning","2024","02","09","Sudha247","2.0"
"Learning","2024","02","09","fabbing","0.5"
"Learning","2024","03","10","Sudha247","1.0"
"Learning","2024","03","10","fabbing","0.5"
"Learning","2024","03","11","Sudha247","5.0"
"Learning","2024","03","11","fabbing","0.5"
"Learning","2024","03","13","Lucccyo","2.0"
"Learning","2024","04","16","pitag-ha","0.5"
"Learning","2024","05","21","jmid","0.0"
"#1122","2024","05","19","gpetiot","1.0"
"#1122","2024","05","20","gpetiot","0.5"
"#1122","2024","05","21","gpetiot","1.0"
"Form13","2024","01","01","Julow","0.0"
"Form13","2024","01","01","gpetiot","3.0"
"Form13","2024","01","02","Julow","2.0"
"Form13","2024","01","02","gpetiot","2.0"
"Form13","2024","01","03","Julow","1.0"
"Form13","2024","01","03","gpetiot","2.5"
"Form13","2024","01","04","Julow","1.0"
"Form13","2024","01","04","gpetiot","2.0"
"Form13","2024","01","05","Julow","1.0"
"Form13","2024","02","06","Julow","1.0"
"Form13","2024","02","07","Julow","0.5"
"Form13","2024","02","07","EmileTrotignon","2.0"
"Form13","2024","02","08","Julow","0.0"
"Form13","2024","02","08","EmileTrotignon","2.0"
"Form13","2024","02","09","Julow","1.0"
"Form13","2024","02","09","EmileTrotignon","2.0"
"Form13","2024","03","10","Julow","1.5"
"Form13","2024","03","11","Julow","2.5"
"Form13","2024","03","13","Julow","0.5"
"Form13","2024","04","14","Julow","1.5"
"Form13","2024","04","15","Julow","2.0"
"Form13","2024","04","16","Julow","3.0"
"Form13","2024","04","18","Julow","1.0"
"Form13","2024","05","19","Julow","1.5"
"Form13","2024","05","19","EmileTrotignon","2.0"
"Form13","2024","05","20","EmileTrotignon","2.0"
"#344","2024","04","14","art-w","0.5"
"#344","2024","04","18","art-w","0.5"
"(new: Team lead work)","2024","01","02","shindere","4.5"
"(new: Team lead work)","2024","01","03","shindere","4.0"
"(new: Team lead work)","2024","01","04","shindere","3.5"
"(new: Team lead work)","2024","01","05","shindere","2.5"
"(new: Team lead work)","2024","02","06","shindere","4.0"
"(new: Team lead work)","2024","02","09","shindere","3.5"
"#1081","2024","02","06","gpetiot","0.5"
"#1081","2024","02","07","gpetiot","0.5"
"#1081","2024","02","08","gpetiot","0.5"
"#1081","2024","02","09","gpetiot","0.5"
"#487","2024","01","03","punchagan","0.5"
"#487","2024","02","08","mtelvers","5.0"
"#487","2024","02","08","punchagan","0.5"
"#487","2024","02","09","mtelvers","4.5"
"#487","2024","03","10","mtelvers","1.0"
"#487","2024","03","11","mtelvers","5.0"
"#487","2024","03","12","mtelvers","5.0"
"#487","2024","03","13","mtelvers","5.0"
"#487","2024","04","15","mtelvers","3.5"
"#487","2024","04","16","mtelvers","5.0"
"#487","2024","04","17","mtelvers","4.5"
"#487","2024","04","18","mtelvers","4.5"
"#1061","2024","01","01","n-osborne","1.0"
"#1061","2024","01","03","n-osborne","0.0"
"#1061","2024","02","06","n-osborne","4.0"
"#1061","2024","02","06","jmid","0.0"
"#1061","2024","02","07","n-osborne","3.0"
"#1061","2024","02","08","n-osborne","3.0"
"#1061","2024","02","08","jmid","0.0"
"#1061","2024","02","09","n-osborne","2.5"
"#1061","2024","03","10","n-osborne","2.0"
"#1061","2024","03","11","n-osborne","4.0"
"#1061","2024","03","11","jmid","0.0"
"#1061","2024","03","12","n-osborne","2.5"
"#1061","2024","04","14","n-osborne","0.0"
"#1061","2024","04","15","n-osborne","0.5"
"#1061","2024","04","16","n-osborne","4.0"
"#1061","2024","04","16","jmid","0.0"
"#1061","2024","05","20","n-osborne","2.0"
"#1061","2024","05","21","n-osborne","1.5"
"Plat177","2024","01","01","Julow","0.0"
"#969","2024","01","01","Sudha247","1.0"
"Plat177","2024","01","02","panglesd","0.5"
"Plat177","2024","01","02","Julow","1.0"
"COM19","2024","01","02","sadiqj","0.0"
"#969","2024","01","02","Sudha247","1.0"
"Plat177","2024","01","02","gpetiot","1.0"
"Plat177","2024","01","03","panglesd","2.5"
"Plat177","2024","01","03","Julow","1.0"
"#969","2024","01","03","Sudha247","0.5"
"Plat177","2024","01","03","gpetiot","0.5"
"Plat177","2024","01","04","Julow","2.0"
"#969","2024","01","04","Sudha247","1.0"
"Plat177","2024","01","05","panglesd","0.5"
"Plat177","2024","01","05","Julow","4.0"
"#969","2024","01","05","Sudha247","1.5"
"Plat177","2024","01","05","gpetiot","1.5"
"Plat177","2024","02","06","panglesd","1.0"
"#969","2024","02","06","Sudha247","1.0"
"Plat177","2024","02","07","panglesd","1.0"
"#969","2024","02","07","Sudha247","1.0"
"Plat177","2024","02","08","panglesd","2.5"
"Plat177","2024","02","08","Julow","0.0"
"#969","2024","02","08","Sudha247","1.5"
"Plat177","2024","02","09","panglesd","1.0"
"#969","2024","02","09","Sudha247","0.5"
"Plat177","2024","03","10","panglesd","0.5"
"#969","2024","03","10","sudha247","1.0"
"#969","2024","03","10","gpetiot","0.5"
"Plat177","2024","03","12","panglesd","0.5"
"Plat177","2024","03","12","Julow","0.5"
"Plat177","2024","03","13","panglesd","0.5"
"Plat177","2024","03","13","Julow","0.5"
"Plat177","2024","04","14","Julow","0.0"
"Plat177","2024","04","16","Julow","0.5"
"(new: Hacking Days)","2024","01","04","pitag-ha","2.0"
"#1118","2024","02","06","Firobe","0.5"
"#1118","2024","04","15","Firobe","1.0"
"#1118","2024","04","16","Firobe","2.5"
"#1118","2024","04","18","Firobe","2.0"
"#1118","2024","05","19","Firobe","1.0"
"(new: JSOO link performance)","2024","05","20","OlivierNicole","3.0"
"#1118","2024","05","21","Firobe","0.5"
"#1078","2024","03","13","gpetiot","1.0"
"#1078","2024","04","14","gpetiot","1.0"
"#1108","2024","02","06","gpetiot","1.0"
"#1108","2024","02","07","gpetiot","2.0"
"#1108","2024","02","08","gpetiot","1.5"
"#1108","2024","03","10","gpetiot","1.0"
"#1108","2024","04","14","gpetiot","0.5"
"#1108","2024","04","15","gpetiot","0.5"
"#76","2024","02","06","panglesd","3.5"
"#76","2024","02","06","Julow","4.0"
"#76","2024","02","07","panglesd","2.0"
"#76","2024","02","07","Julow","2.0"
"#76","2024","02","08","Julow","2.0"
"#76","2024","02","09","Julow","1.0"
"#76","2024","03","10","panglesd","0.5"
"#76","2024","03","10","EmileTrotignon","4.0"
"#76","2024","03","12","EmileTrotignon","1.0"
"#76","2024","03","13","EmileTrotignon","0.5"
"#76","2024","04","15","Julow","2.5"
"#76","2024","04","16","Julow","1.5"
"Plat193","2024","01","05","voodoos","0.5"
"Plat193","2024","02","08","voodoos","0.5"
"Plat193","2024","03","10","voodoos","0.0"
"Plat193","2024","04","14","voodoos","0.5"
"Leave","2024","01","01","tmcgilchrist","2.0"
"Leave","2024","01","01","benmandrew","4.0"
"Leave","2024","01","03","punchagan","3.0"
"Leave","2024","01","03","Sudha247","3.0"
"Leave","2024","01","04","punchagan","5.0"
"Leave","2024","01","05","benmandrew","1.0"
"Leave","2024","02","06","Sudha247","1.0"
"Leave","2024","02","06","pitag-ha","1.0"
"Leave","2024","02","07","mtelvers","1.0"
"Leave","2024","02","07","pitag-ha","1.0"
"Leave","2024","02","08","punchagan","1.0"
"Leave","2024","02","08","pitag-ha","1.0"
"Leave","2024","02","09","punchagan","2.0"
"Leave","2024","02","09","Sudha247","1.0"
"Leave","2024","02","09","pitag-ha","1.0"
"Leave","2024","02","09","lyrm","1.0"
"Leave","2024","03","10","pitag-ha","1.5"
"Leave","2024","03","11","panglesd","5.0"
"Leave","2024","03","11","pitag-ha","1.0"
"Leave","2024","03","12","pitag-ha","2.0"
"Leave","2024","03","12","sabine","1.0"
"Leave","2024","03","13","Sudha247","5.0"
"Leave","2024","03","13","pitag-ha","2.5"
"Leave","2024","03","13","gpetiot","3.0"
"Leave","2024","04","14","panglesd","4.0"
"Leave","2024","04","14","mtelvers","5.0"
"Leave","2024","04","14","pitag-ha","2.0"
"Leave","2024","04","14","shakthimaan","1.0"
"Leave","2024","04","14","benmandrew","1.0"
"Leave","2024","04","14","voodoos","1.0"
"Leave","2024","04","14","fabbing","2.0"
"Leave","2024","04","14","sabine","1.0"
"Leave","2024","04","14","art-w","4.0"
"Leave","2024","04","15","panglesd","0.5"
"Leave","2024","04","15","mtelvers","1.0"
"Leave","2024","04","15","Sudha247","2.0"
"Leave","2024","04","15","pitag-ha","1.0"
"Leave","2024","04","15","shakthimaan","2.0"
"Leave","2024","04","15","voodoos","0.5"
"Leave","2024","04","15","fabbing","5.0"
"Leave","2024","04","15","dra27","1.0"
"Leave","2024","04","16","Sudha247","1.0"
"Leave","2024","04","16","pitag-ha","2.0"
"Leave","2024","04","16","shakthimaan","1.0"
"Leave","2024","04","16","OlivierNicole","2.0"
"Leave","2024","04","16","art-w","5.0"
"Leave","2024","04","17","gpetiot","2.0"
"Leave","2024","04","17","Clairevanden","2.0"
"Leave","2024","04","17","benmandrew","1.0"
"Leave","2024","04","17","OlivierNicole","3.0"
"Leave","2024","04","17","art-w","5.0"
"Leave","2024","04","18","panglesd","2.0"
"Leave","2024","04","18","punchagan","1.0"
"Leave","2024","04","18","vouillon","1.0"
"Leave","2024","04","18","pitag-ha","1.0"
"Leave","2024","04","18","shakthimaan","1.0"
"Leave","2024","04","18","shonfeder","1.0"
"Leave","2024","04","18","Clairevanden","4.0"
"Leave","2024","04","18","benmandrew","5.0"
"Leave","2024","04","18","voodoos","1.0"
"Leave","2024","04","18","fabbing","3.0"
"Leave","2024","04","18","sabine","1.0"
"Leave","2024","04","18","cuihtlauac","5.0"
"Leave","2024","04","18","xvw","1.0"
"Leave","2024","04","18","art-w","3.0"
"Leave","2024","05","19","gpetiot","1.0"
"Leave","2024","05","19","Clairevanden","1.5"
"Leave","2024","05","19","fabbing","5.0"
"Leave","2024","05","19","OlivierNicole","5.0"
"Leave","2024","05","19","xvw","2.0"
"Leave","2024","05","19","dra27","1.0"
"Leave","2024","05","19","art-w","3.0"
"Leave","2024","05","21","jmid","1.0"
"#1083","2024","01","01","shakthimaan","2.5"
"#1083","2024","01","02","shakthimaan","2.0"
"#1083","2024","01","04","shakthimaan","2.0"
"#1083","2024","01","05","shakthimaan","2.0"
"#1083","2024","02","06","shakthimaan","3.5"
"#1083","2024","02","07","shakthimaan","5.0"
"#1083","2024","02","08","shakthimaan","1.5"
"#1083","2024","02","09","shakthimaan","1.0"
"#37","2024","01","02","dra27","0.0"
"#37","2024","01","03","dra27","0.5"
"#37","2024","03","12","dra27","0.5"
"#543","2024","04","14","NickBarnes","0.5"
